date,model,tier,architecture,vram_gb,lhr,msrp_usd,street_price_usd,premium_pct,eth_hashrate_mh,price_per_mh,eth_avg,eth_high,eth_low,eth_std,btc_avg,btc_high,btc_low,btc_std,data_source
2021-03-01,RTX 3060,XX60,Ampere,12,0,329,828.0,151.67,48,17.25,1736.8612903225805,1924.69,1492.61,118.95212467604874,54998.00806451613,61243.09,48378.99,3713.973760696591,Tom's Hardware / PCMag / 3D Center
2021-04-01,RTX 3060,XX60,Ampere,12,0,329,865.0,162.92,48,18.02,2297.674,2773.21,1971.08,230.9562789734052,57206.719333333334,63503.46,49004.25,3801.3934502721418,Tom's Hardware / PCMag / 3D Center
2021-05-01,RTX 3060,XX60,Ampere,12,0,329,900.0,173.56,48,18.75,3140.7312903225807,4168.7,2109.58,610.0490844062847,46443.287419354834,58803.78,34616.07,8918.501704551792,Tom's Hardware / PCMag / 3D Center
2021-06-01,RTX 3060,XX60,Ampere,12,0,329,874.0,165.65,48,18.21,2335.7926666666667,2855.13,1813.22,301.9876175576756,35845.155999999995,40406.27,31637.78,2375.493579768506,Tom's Hardware / PCMag / 3D Center
2021-07-01,RTX 3060,XX60,Ampere,12,0,329,718.0,118.24,48,14.96,2131.08,2536.21,1787.51,188.59930584884623,34444.97516129032,42235.55,29807.35,3155.950164981349,Tom's Hardware / PCMag / 3D Center
2021-08-01,RTX 3060,XX60,Ampere,12,0,329,723.0,119.76,48,15.06,3098.3848387096773,3433.73,2502.35,234.3535155254555,45709.022580645156,49546.15,38152.98,3266.435839294333,Tom's Hardware / PCMag / 3D Center
2021-09-01,RTX 3060,XX60,Ampere,12,0,329,736.0,123.71,48,15.33,3337.052666666667,3952.13,2764.43,364.0226144067704,45939.77133333333,52633.54,40693.68,3142.4849554603607,Tom's Hardware / PCMag / 3D Center
2021-10-01,RTX 3060,XX60,Ampere,12,0,329,742.0,125.53,48,15.46,3818.7667741935484,4414.75,3307.52,327.82649298459773,57911.970645161295,65992.84,47711.49,5053.448922690946,Tom's Hardware / PCMag / 3D Center
2021-11-01,RTX 3060,XX60,Ampere,12,0,329,749.0,127.66,48,15.6,4434.127666666666,4812.09,4000.65,224.7713100277907,60621.490333333335,67566.83,53569.77,3740.8043616354616,Tom's Hardware / PCMag / 3D Center
2021-12-01,RTX 3060,XX60,Ampere,12,0,329,755.0,129.48,48,15.73,4044.7425806451615,4586.99,3628.53,234.11663561805722,49263.21,57229.83,46202.14,2740.049010084797,Tom's Hardware / PCMag / 3D Center
2022-01-01,RTX 3060,XX60,Ampere,12,0,329,761.0,131.31,48,15.85,3054.6551612903227,3829.56,2405.18,455.8077858035558,41114.42161290323,47686.81,35030.25,3484.5738869088864,Tom's Hardware / PCMag / 3D Center
2022-02-01,RTX 3060,XX60,Ampere,12,0,329,700.0,112.77,48,14.58,2868.179285714286,3239.46,2573.82,200.8464084435069,40763.474642857145,44575.2,36952.98,2554.77180994845,Tom's Hardware / PCMag / 3D Center
2022-03-01,RTX 3060,XX60,Ampere,12,0,329,600.0,82.37,48,12.5,2876.342580645161,3401.99,2497.77,279.5489753390598,41966.23774193549,47465.73,37849.66,2926.5307860784164,Tom's Hardware / PCMag / 3D Center
2022-04-01,RTX 3060,XX60,Ampere,12,0,329,485.0,47.42,48,10.1,3096.986,3522.83,2730.19,210.04957013639122,41435.319,46622.68,37714.88,2548.272869523048,Tom's Hardware / PCMag / 3D Center
2022-05-01,RTX 3060,XX60,Ampere,12,0,329,420.0,27.66,48,8.75,2187.3190322580645,2940.64,1724.92,364.8316156014517,31706.104838709678,39698.37,28627.57,3438.469405614339,Tom's Hardware / PCMag / 3D Center
2022-06-01,RTX 3060,XX60,Ampere,12,0,329,390.0,18.54,48,8.12,1382.7720000000002,1859.29,993.64,315.89575522357984,24383.685333333335,31370.67,19017.64,4561.581308771028,Tom's Hardware / PCMag / 3D Center
2022-07-01,RTX 3060,XX60,Ampere,12,0,329,365.0,10.94,48,7.6,1359.4090322580646,1727.41,1038.19,231.35124909042293,21539.254516129033,23843.89,19242.26,1473.8311095188628,Tom's Hardware / PCMag / 3D Center
2022-08-01,RTX 3060,XX60,Ampere,12,0,329,355.0,7.9,48,7.4,1699.2312903225807,1981.34,1430.55,149.0058024539523,22366.266129032258,24424.07,19616.81,1545.3153807981007,Tom's Hardware / PCMag / 3D Center
2022-09-01,RTX 3060,XX60,Ampere,12,0,329,348.0,5.78,48,7.25,1489.6179310344828,1776.2,1252.61,160.3561640175507,19817.641034482756,22370.45,18547.4,933.4691683995046,Tom's Hardware / PCMag / 3D Center
2021-01-01,RTX 3060 Ti,XX60,Ampere,8,0,399,690.0,72.93,60,11.5,1202.5029032258064,1391.61,730.37,162.76523300331576,34761.64967741936,40797.61,29374.15,2943.6755194965385,Tom's Hardware / PCMag / 3D Center
2021-02-01,RTX 3060 Ti,XX60,Ampere,8,0,399,920.0,130.58,60,15.33,1699.8082142857143,1960.16,1369.04,168.84056854198866,46306.79928571428,57539.95,33537.18,6380.9741849860775,Tom's Hardware / PCMag / 3D Center
2021-03-01,RTX 3060 Ti,XX60,Ampere,8,0,399,1226.0,207.27,60,20.43,1736.8612903225805,1924.69,1492.61,118.95212467604874,54998.00806451613,61243.09,48378.99,3713.973760696591,Tom's Hardware / PCMag / 3D Center
2021-04-01,RTX 3060 Ti,XX60,Ampere,8,0,399,1240.0,210.78,60,20.67,2297.674,2773.21,1971.08,230.9562789734052,57206.719333333334,63503.46,49004.25,3801.3934502721418,Tom's Hardware / PCMag / 3D Center
2021-05-01,RTX 3060 Ti,XX60,Ampere,8,0,399,1250.0,213.28,60,20.83,3140.7312903225807,4168.7,2109.58,610.0490844062847,46443.287419354834,58803.78,34616.07,8918.501704551792,Tom's Hardware / PCMag / 3D Center
2021-06-01,RTX 3060 Ti,XX60,Ampere,8,0,399,1238.0,210.28,60,20.63,2335.7926666666667,2855.13,1813.22,301.9876175576756,35845.155999999995,40406.27,31637.78,2375.493579768506,Tom's Hardware / PCMag / 3D Center
2021-07-01,RTX 3060 Ti,XX60,Ampere,8,0,399,981.0,145.86,60,16.35,2131.08,2536.21,1787.51,188.59930584884623,34444.97516129032,42235.55,29807.35,3155.950164981349,Tom's Hardware / PCMag / 3D Center
2021-08-01,RTX 3060 Ti,XX60,Ampere,8,0,399,933.0,133.83,60,15.55,3098.3848387096773,3433.73,2502.35,234.3535155254555,45709.022580645156,49546.15,38152.98,3266.435839294333,Tom's Hardware / PCMag / 3D Center
2021-09-01,RTX 3060 Ti,XX60,Ampere,8,0,399,956.0,139.6,60,15.93,3337.052666666667,3952.13,2764.43,364.0226144067704,45939.77133333333,52633.54,40693.68,3142.4849554603607,Tom's Hardware / PCMag / 3D Center
2021-10-01,RTX 3060 Ti,XX60,Ampere,8,0,399,968.0,142.61,60,16.13,3818.7667741935484,4414.75,3307.52,327.82649298459773,57911.970645161295,65992.84,47711.49,5053.448922690946,Tom's Hardware / PCMag / 3D Center
2021-11-01,RTX 3060 Ti,XX60,Ampere,8,0,399,979.0,145.36,60,16.32,4434.127666666666,4812.09,4000.65,224.7713100277907,60621.490333333335,67566.83,53569.77,3740.8043616354616,Tom's Hardware / PCMag / 3D Center
2021-12-01,RTX 3060 Ti,XX60,Ampere,8,0,399,993.0,148.87,60,16.55,4044.7425806451615,4586.99,3628.53,234.11663561805722,49263.21,57229.83,46202.14,2740.049010084797,Tom's Hardware / PCMag / 3D Center
2022-01-01,RTX 3060 Ti,XX60,Ampere,8,0,399,1007.0,152.38,60,16.78,3054.6551612903227,3829.56,2405.18,455.8077858035558,41114.42161290323,47686.81,35030.25,3484.5738869088864,Tom's Hardware / PCMag / 3D Center
2022-02-01,RTX 3060 Ti,XX60,Ampere,8,0,399,930.0,133.08,60,15.5,2868.179285714286,3239.46,2573.82,200.8464084435069,40763.474642857145,44575.2,36952.98,2554.77180994845,Tom's Hardware / PCMag / 3D Center
2022-03-01,RTX 3060 Ti,XX60,Ampere,8,0,399,800.0,100.5,60,13.33,2876.342580645161,3401.99,2497.77,279.5489753390598,41966.23774193549,47465.73,37849.66,2926.5307860784164,Tom's Hardware / PCMag / 3D Center
2022-04-01,RTX 3060 Ti,XX60,Ampere,8,0,399,658.0,64.91,60,10.97,3096.986,3522.83,2730.19,210.04957013639122,41435.319,46622.68,37714.88,2548.272869523048,Tom's Hardware / PCMag / 3D Center
2022-05-01,RTX 3060 Ti,XX60,Ampere,8,0,399,550.0,37.84,60,9.17,2187.3190322580645,2940.64,1724.92,364.8316156014517,31706.104838709678,39698.37,28627.57,3438.469405614339,Tom's Hardware / PCMag / 3D Center
2022-06-01,RTX 3060 Ti,XX60,Ampere,8,0,399,480.0,20.3,60,8.0,1382.7720000000002,1859.29,993.64,315.89575522357984,24383.685333333335,31370.67,19017.64,4561.581308771028,Tom's Hardware / PCMag / 3D Center
2022-07-01,RTX 3060 Ti,XX60,Ampere,8,0,399,433.0,8.52,60,7.22,1359.4090322580646,1727.41,1038.19,231.35124909042293,21539.254516129033,23843.89,19242.26,1473.8311095188628,Tom's Hardware / PCMag / 3D Center
2022-08-01,RTX 3060 Ti,XX60,Ampere,8,0,399,420.0,5.26,60,7.0,1699.2312903225807,1981.34,1430.55,149.0058024539523,22366.266129032258,24424.07,19616.81,1545.3153807981007,Tom's Hardware / PCMag / 3D Center
2022-09-01,RTX 3060 Ti,XX60,Ampere,8,0,399,410.0,2.76,60,6.83,1489.6179310344828,1776.2,1252.61,160.3561640175507,19817.641034482756,22370.45,18547.4,933.4691683995046,Tom's Hardware / PCMag / 3D Center
2021-05-01,RTX 3060 Ti LHR,XX60,Ampere,8,1,399,825.0,106.77,33,25.0,3140.7312903225807,4168.7,2109.58,610.0490844062847,46443.287419354834,58803.78,34616.07,8918.501704551792,TechSpot / Tom's Hardware — range $700-$950 (midpoint used)
2021-06-01,RTX 3060 Ti LHR,XX60,Ampere,8,1,399,875.0,119.3,33,26.52,2335.7926666666667,2855.13,1813.22,301.9876175576756,35845.155999999995,40406.27,31637.78,2375.493579768506,TechSpot / Tom's Hardware — range $750-$1000 (midpoint used)
2021-07-01,RTX 3060 Ti LHR,XX60,Ampere,8,1,399,925.0,131.83,33,28.03,2131.08,2536.21,1787.51,188.59930584884623,34444.97516129032,42235.55,29807.35,3155.950164981349,TechSpot / Tom's Hardware — range $800-$1050 (midpoint used)
2021-08-01,RTX 3060 Ti LHR,XX60,Ampere,8,1,399,850.0,113.03,33,25.76,3098.3848387096773,3433.73,2502.35,234.3535155254555,45709.022580645156,49546.15,38152.98,3266.435839294333,TechSpot / Tom's Hardware — range $850-$850 (midpoint used)
2021-09-01,RTX 3060 Ti LHR,XX60,Ampere,8,1,399,850.0,113.03,33,25.76,3337.052666666667,3952.13,2764.43,364.0226144067704,45939.77133333333,52633.54,40693.68,3142.4849554603607,TechSpot / Tom's Hardware — range $750-$950 (midpoint used)
2021-10-01,RTX 3060 Ti LHR,XX60,Ampere,8,1,399,800.0,100.5,33,24.24,3818.7667741935484,4414.75,3307.52,327.82649298459773,57911.970645161295,65992.84,47711.49,5053.448922690946,TechSpot / Tom's Hardware — range $700-$900 (midpoint used)
2021-11-01,RTX 3060 Ti LHR,XX60,Ampere,8,1,399,780.0,95.49,33,23.64,4434.127666666666,4812.09,4000.65,224.7713100277907,60621.490333333335,67566.83,53569.77,3740.8043616354616,TechSpot / Tom's Hardware — range $680-$880 (midpoint used)
2021-12-01,RTX 3060 Ti LHR,XX60,Ampere,8,1,399,775.0,94.24,33,23.48,4044.7425806451615,4586.99,3628.53,234.11663561805722,49263.21,57229.83,46202.14,2740.049010084797,TechSpot / Tom's Hardware — range $700-$850 (midpoint used)
2022-01-01,RTX 3060 Ti LHR,XX60,Ampere,8,1,399,700.0,75.44,33,21.21,3054.6551612903227,3829.56,2405.18,455.8077858035558,41114.42161290323,47686.81,35030.25,3484.5738869088864,TechSpot / Tom's Hardware — range $600-$800 (midpoint used)
2022-02-01,RTX 3060 Ti LHR,XX60,Ampere,8,1,399,650.0,62.91,33,19.7,2868.179285714286,3239.46,2573.82,200.8464084435069,40763.474642857145,44575.2,36952.98,2554.77180994845,TechSpot / Tom's Hardware — range $550-$750 (midpoint used)
2022-03-01,RTX 3060 Ti LHR,XX60,Ampere,8,1,399,620.0,55.39,33,18.79,2876.342580645161,3401.99,2497.77,279.5489753390598,41966.23774193549,47465.73,37849.66,2926.5307860784164,TechSpot / Tom's Hardware — range $520-$720 (midpoint used)
2022-04-01,RTX 3060 Ti LHR,XX60,Ampere,8,1,399,550.0,37.84,33,16.67,3096.986,3522.83,2730.19,210.04957013639122,41435.319,46622.68,37714.88,2548.272869523048,TechSpot / Tom's Hardware — range $450-$650 (midpoint used)
2022-05-01,RTX 3060 Ti LHR,XX60,Ampere,8,1,399,490.0,22.81,33,14.85,2187.3190322580645,2940.64,1724.92,364.8316156014517,31706.104838709678,39698.37,28627.57,3438.469405614339,TechSpot / Tom's Hardware — range $400-$580 (midpoint used)
2022-06-01,RTX 3060 Ti LHR,XX60,Ampere,8,1,399,450.0,12.78,33,13.64,1382.7720000000002,1859.29,993.64,315.89575522357984,24383.685333333335,31370.67,19017.64,4561.581308771028,TechSpot / Tom's Hardware — range $350-$550 (midpoint used)
2022-07-01,RTX 3060 Ti LHR,XX60,Ampere,8,1,399,430.0,7.77,33,13.03,1359.4090322580646,1727.41,1038.19,231.35124909042293,21539.254516129033,23843.89,19242.26,1473.8311095188628,TechSpot / Tom's Hardware — range $340-$520 (midpoint used)
2022-08-01,RTX 3060 Ti LHR,XX60,Ampere,8,1,399,410.0,2.76,33,12.42,1699.2312903225807,1981.34,1430.55,149.0058024539523,22366.266129032258,24424.07,19616.81,1545.3153807981007,TechSpot / Tom's Hardware — range $320-$500 (midpoint used)
2022-09-01,RTX 3060 Ti LHR,XX60,Ampere,8,1,399,375.0,-6.02,33,11.36,1489.6179310344828,1776.2,1252.61,160.3561640175507,19817.641034482756,22370.45,18547.4,933.4691683995046,TechSpot / Tom's Hardware — range $300-$450 (midpoint used)
2020-11-01,RTX 3070,XX70,Ampere,8,0,499,805.0,61.32,62,12.98,486.14433333333335,614.84,383.16,66.39171124435656,16645.757,19625.84,13550.49,1710.6033292664877,Tom's Hardware / PCMag / 3D Center
2020-12-01,RTX 3070,XX70,Ampere,8,0,499,819.0,64.13,62,13.21,622.4883870967742,751.62,545.8,55.50743242105963,21983.136774193546,29001.72,18058.9,3454.3432222362103,Tom's Hardware / PCMag / 3D Center
2021-01-01,RTX 3070,XX70,Ampere,8,0,499,804.0,61.12,62,12.97,1202.5029032258064,1391.61,730.37,162.76523300331576,34761.64967741936,40797.61,29374.15,2943.6755194965385,Tom's Hardware / PCMag / 3D Center
2021-02-01,RTX 3070,XX70,Ampere,8,0,499,940.0,88.38,62,15.16,1699.8082142857143,1960.16,1369.04,168.84056854198866,46306.79928571428,57539.95,33537.18,6380.9741849860775,Tom's Hardware / PCMag / 3D Center
2021-03-01,RTX 3070,XX70,Ampere,8,0,499,1239.0,148.3,62,19.98,1736.8612903225805,1924.69,1492.61,118.95212467604874,54998.00806451613,61243.09,48378.99,3713.973760696591,Tom's Hardware / PCMag / 3D Center
2021-04-01,RTX 3070,XX70,Ampere,8,0,499,1270.0,154.51,62,20.48,2297.674,2773.21,1971.08,230.9562789734052,57206.719333333334,63503.46,49004.25,3801.3934502721418,Tom's Hardware / PCMag / 3D Center
2021-05-01,RTX 3070,XX70,Ampere,8,0,499,1300.0,160.52,62,20.97,3140.7312903225807,4168.7,2109.58,610.0490844062847,46443.287419354834,58803.78,34616.07,8918.501704551792,Tom's Hardware / PCMag / 3D Center
2021-06-01,RTX 3070,XX70,Ampere,8,0,499,1300.0,160.52,62,20.97,2335.7926666666667,2855.13,1813.22,301.9876175576756,35845.155999999995,40406.27,31637.78,2375.493579768506,Tom's Hardware / PCMag / 3D Center
2021-07-01,RTX 3070,XX70,Ampere,8,0,499,1063.0,113.03,62,17.15,2131.08,2536.21,1787.51,188.59930584884623,34444.97516129032,42235.55,29807.35,3155.950164981349,Tom's Hardware / PCMag / 3D Center
2021-08-01,RTX 3070,XX70,Ampere,8,0,499,1205.0,141.48,62,19.44,3098.3848387096773,3433.73,2502.35,234.3535155254555,45709.022580645156,49546.15,38152.98,3266.435839294333,Tom's Hardware / PCMag / 3D Center
2021-09-01,RTX 3070,XX70,Ampere,8,0,499,1208.0,142.08,62,19.48,3337.052666666667,3952.13,2764.43,364.0226144067704,45939.77133333333,52633.54,40693.68,3142.4849554603607,Tom's Hardware / PCMag / 3D Center
2021-10-01,RTX 3070,XX70,Ampere,8,0,499,1210.0,142.48,62,19.52,3818.7667741935484,4414.75,3307.52,327.82649298459773,57911.970645161295,65992.84,47711.49,5053.448922690946,Tom's Hardware / PCMag / 3D Center
2021-11-01,RTX 3070,XX70,Ampere,8,0,499,1210.0,142.48,62,19.52,4434.127666666666,4812.09,4000.65,224.7713100277907,60621.490333333335,67566.83,53569.77,3740.8043616354616,Tom's Hardware / PCMag / 3D Center
2021-12-01,RTX 3070,XX70,Ampere,8,0,499,1195.0,139.48,62,19.27,4044.7425806451615,4586.99,3628.53,234.11663561805722,49263.21,57229.83,46202.14,2740.049010084797,Tom's Hardware / PCMag / 3D Center
2022-01-01,RTX 3070,XX70,Ampere,8,0,499,1179.0,136.27,62,19.02,3054.6551612903227,3829.56,2405.18,455.8077858035558,41114.42161290323,47686.81,35030.25,3484.5738869088864,Tom's Hardware / PCMag / 3D Center
2022-02-01,RTX 3070,XX70,Ampere,8,0,499,1100.0,120.44,62,17.74,2868.179285714286,3239.46,2573.82,200.8464084435069,40763.474642857145,44575.2,36952.98,2554.77180994845,Tom's Hardware / PCMag / 3D Center
2022-03-01,RTX 3070,XX70,Ampere,8,0,499,950.0,90.38,62,15.32,2876.342580645161,3401.99,2497.77,279.5489753390598,41966.23774193549,47465.73,37849.66,2926.5307860784164,Tom's Hardware / PCMag / 3D Center
2022-04-01,RTX 3070,XX70,Ampere,8,0,499,773.0,54.91,62,12.47,3096.986,3522.83,2730.19,210.04957013639122,41435.319,46622.68,37714.88,2548.272869523048,Tom's Hardware / PCMag / 3D Center
2022-05-01,RTX 3070,XX70,Ampere,8,0,499,650.0,30.26,62,10.48,2187.3190322580645,2940.64,1724.92,364.8316156014517,31706.104838709678,39698.37,28627.57,3438.469405614339,Tom's Hardware / PCMag / 3D Center
2022-06-01,RTX 3070,XX70,Ampere,8,0,499,550.0,10.22,62,8.87,1382.7720000000002,1859.29,993.64,315.89575522357984,24383.685333333335,31370.67,19017.64,4561.581308771028,Tom's Hardware / PCMag / 3D Center
2022-07-01,RTX 3070,XX70,Ampere,8,0,499,495.0,-0.8,62,7.98,1359.4090322580646,1727.41,1038.19,231.35124909042293,21539.254516129033,23843.89,19242.26,1473.8311095188628,Tom's Hardware / PCMag / 3D Center
2022-08-01,RTX 3070,XX70,Ampere,8,0,499,480.0,-3.81,62,7.74,1699.2312903225807,1981.34,1430.55,149.0058024539523,22366.266129032258,24424.07,19616.81,1545.3153807981007,Tom's Hardware / PCMag / 3D Center
2022-09-01,RTX 3070,XX70,Ampere,8,0,499,470.0,-5.81,62,7.58,1489.6179310344828,1776.2,1252.61,160.3561640175507,19817.641034482756,22370.45,18547.4,933.4691683995046,Tom's Hardware / PCMag / 3D Center
2021-06-01,RTX 3070 LHR,XX70,Ampere,8,1,499,1000.0,100.4,34,29.41,2335.7926666666667,2855.13,1813.22,301.9876175576756,35845.155999999995,40406.27,31637.78,2375.493579768506,TechSpot / Tom's Hardware — range $850-$1150 (midpoint used)
2021-07-01,RTX 3070 LHR,XX70,Ampere,8,1,499,1025.0,105.41,34,30.15,2131.08,2536.21,1787.51,188.59930584884623,34444.97516129032,42235.55,29807.35,3155.950164981349,TechSpot / Tom's Hardware — range $900-$1150 (midpoint used)
2021-08-01,RTX 3070 LHR,XX70,Ampere,8,1,499,1000.0,100.4,34,29.41,3098.3848387096773,3433.73,2502.35,234.3535155254555,45709.022580645156,49546.15,38152.98,3266.435839294333,TechSpot / Tom's Hardware — range $900-$1100 (midpoint used)
2021-09-01,RTX 3070 LHR,XX70,Ampere,8,1,499,975.0,95.39,34,28.68,3337.052666666667,3952.13,2764.43,364.0226144067704,45939.77133333333,52633.54,40693.68,3142.4849554603607,TechSpot / Tom's Hardware — range $850-$1100 (midpoint used)
2021-10-01,RTX 3070 LHR,XX70,Ampere,8,1,499,935.0,87.37,34,27.5,3818.7667741935484,4414.75,3307.52,327.82649298459773,57911.970645161295,65992.84,47711.49,5053.448922690946,TechSpot / Tom's Hardware — range $820-$1050 (midpoint used)
2021-11-01,RTX 3070 LHR,XX70,Ampere,8,1,499,900.0,80.36,34,26.47,4434.127666666666,4812.09,4000.65,224.7713100277907,60621.490333333335,67566.83,53569.77,3740.8043616354616,TechSpot / Tom's Hardware — range $800-$1000 (midpoint used)
2021-12-01,RTX 3070 LHR,XX70,Ampere,8,1,499,900.0,80.36,34,26.47,4044.7425806451615,4586.99,3628.53,234.11663561805722,49263.21,57229.83,46202.14,2740.049010084797,TechSpot / Tom's Hardware — range $850-$950 (midpoint used)
2022-01-01,RTX 3070 LHR,XX70,Ampere,8,1,499,825.0,65.33,34,24.26,3054.6551612903227,3829.56,2405.18,455.8077858035558,41114.42161290323,47686.81,35030.25,3484.5738869088864,TechSpot / Tom's Hardware — range $700-$950 (midpoint used)
2022-02-01,RTX 3070 LHR,XX70,Ampere,8,1,499,775.0,55.31,34,22.79,2868.179285714286,3239.46,2573.82,200.8464084435069,40763.474642857145,44575.2,36952.98,2554.77180994845,TechSpot / Tom's Hardware — range $650-$900 (midpoint used)
2022-03-01,RTX 3070 LHR,XX70,Ampere,8,1,499,725.0,45.29,34,21.32,2876.342580645161,3401.99,2497.77,279.5489753390598,41966.23774193549,47465.73,37849.66,2926.5307860784164,TechSpot / Tom's Hardware — range $600-$850 (midpoint used)
2022-04-01,RTX 3070 LHR,XX70,Ampere,8,1,499,650.0,30.26,34,19.12,3096.986,3522.83,2730.19,210.04957013639122,41435.319,46622.68,37714.88,2548.272869523048,TechSpot / Tom's Hardware — range $500-$800 (midpoint used)
2022-05-01,RTX 3070 LHR,XX70,Ampere,8,1,499,590.0,18.24,34,17.35,2187.3190322580645,2940.64,1724.92,364.8316156014517,31706.104838709678,39698.37,28627.57,3438.469405614339,TechSpot / Tom's Hardware — range $480-$700 (midpoint used)
2022-06-01,RTX 3070 LHR,XX70,Ampere,8,1,499,550.0,10.22,34,16.18,1382.7720000000002,1859.29,993.64,315.89575522357984,24383.685333333335,31370.67,19017.64,4561.581308771028,TechSpot / Tom's Hardware — range $450-$650 (midpoint used)
2022-07-01,RTX 3070 LHR,XX70,Ampere,8,1,499,490.0,-1.8,34,14.41,1359.4090322580646,1727.41,1038.19,231.35124909042293,21539.254516129033,23843.89,19242.26,1473.8311095188628,TechSpot / Tom's Hardware — range $400-$580 (midpoint used)
2022-08-01,RTX 3070 LHR,XX70,Ampere,8,1,499,450.0,-9.82,34,13.24,1699.2312903225807,1981.34,1430.55,149.0058024539523,22366.266129032258,24424.07,19616.81,1545.3153807981007,TechSpot / Tom's Hardware — range $350-$550 (midpoint used)
2022-09-01,RTX 3070 LHR,XX70,Ampere,8,1,499,420.0,-15.83,34,12.35,1489.6179310344828,1776.2,1252.61,160.3561640175507,19817.641034482756,22370.45,18547.4,933.4691683995046,TechSpot / Tom's Hardware — range $340-$500 (midpoint used)
2021-07-01,RTX 3070 Ti,XX70,Ampere,8,0,599,1096.0,82.97,55,19.93,2131.08,2536.21,1787.51,188.59930584884623,34444.97516129032,42235.55,29807.35,3155.950164981349,Tom's Hardware / PCMag / 3D Center
2021-08-01,RTX 3070 Ti,XX70,Ampere,8,0,599,1141.0,90.48,55,20.75,3098.3848387096773,3433.73,2502.35,234.3535155254555,45709.022580645156,49546.15,38152.98,3266.435839294333,Tom's Hardware / PCMag / 3D Center
2021-09-01,RTX 3070 Ti,XX70,Ampere,8,0,599,1175.0,96.16,55,21.36,3337.052666666667,3952.13,2764.43,364.0226144067704,45939.77133333333,52633.54,40693.68,3142.4849554603607,Tom's Hardware / PCMag / 3D Center
2021-10-01,RTX 3070 Ti,XX70,Ampere,8,0,599,1190.0,98.66,55,21.64,3818.7667741935484,4414.75,3307.52,327.82649298459773,57911.970645161295,65992.84,47711.49,5053.448922690946,Tom's Hardware / PCMag / 3D Center
2021-11-01,RTX 3070 Ti,XX70,Ampere,8,0,599,1208.0,101.67,55,21.96,4434.127666666666,4812.09,4000.65,224.7713100277907,60621.490333333335,67566.83,53569.77,3740.8043616354616,Tom's Hardware / PCMag / 3D Center
2021-12-01,RTX 3070 Ti,XX70,Ampere,8,0,599,1225.0,104.51,55,22.27,4044.7425806451615,4586.99,3628.53,234.11663561805722,49263.21,57229.83,46202.14,2740.049010084797,Tom's Hardware / PCMag / 3D Center
2022-01-01,RTX 3070 Ti,XX70,Ampere,8,0,599,1244.0,107.68,55,22.62,3054.6551612903227,3829.56,2405.18,455.8077858035558,41114.42161290323,47686.81,35030.25,3484.5738869088864,Tom's Hardware / PCMag / 3D Center
2022-02-01,RTX 3070 Ti,XX70,Ampere,8,0,599,1130.0,88.65,55,20.55,2868.179285714286,3239.46,2573.82,200.8464084435069,40763.474642857145,44575.2,36952.98,2554.77180994845,Tom's Hardware / PCMag / 3D Center
2022-03-01,RTX 3070 Ti,XX70,Ampere,8,0,599,900.0,50.25,55,16.36,2876.342580645161,3401.99,2497.77,279.5489753390598,41966.23774193549,47465.73,37849.66,2926.5307860784164,Tom's Hardware / PCMag / 3D Center
2022-04-01,RTX 3070 Ti,XX70,Ampere,8,0,599,772.0,28.88,55,14.04,3096.986,3522.83,2730.19,210.04957013639122,41435.319,46622.68,37714.88,2548.272869523048,Tom's Hardware / PCMag / 3D Center
2022-05-01,RTX 3070 Ti,XX70,Ampere,8,0,599,680.0,13.52,55,12.36,2187.3190322580645,2940.64,1724.92,364.8316156014517,31706.104838709678,39698.37,28627.57,3438.469405614339,Tom's Hardware / PCMag / 3D Center
2022-06-01,RTX 3070 Ti,XX70,Ampere,8,0,599,620.0,3.51,55,11.27,1382.7720000000002,1859.29,993.64,315.89575522357984,24383.685333333335,31370.67,19017.64,4561.581308771028,Tom's Hardware / PCMag / 3D Center
2022-07-01,RTX 3070 Ti,XX70,Ampere,8,0,599,587.0,-2.0,55,10.67,1359.4090322580646,1727.41,1038.19,231.35124909042293,21539.254516129033,23843.89,19242.26,1473.8311095188628,Tom's Hardware / PCMag / 3D Center
2022-08-01,RTX 3070 Ti,XX70,Ampere,8,0,599,570.0,-4.84,55,10.36,1699.2312903225807,1981.34,1430.55,149.0058024539523,22366.266129032258,24424.07,19616.81,1545.3153807981007,Tom's Hardware / PCMag / 3D Center
2022-09-01,RTX 3070 Ti,XX70,Ampere,8,0,599,555.0,-7.35,55,10.09,1489.6179310344828,1776.2,1252.61,160.3561640175507,19817.641034482756,22370.45,18547.4,933.4691683995046,Tom's Hardware / PCMag / 3D Center
2020-10-01,RTX 3080,XX80,Ampere,10,0,699,1300.0,85.98,98,13.27,376.22322580645164,413.77,340.82,21.20262411229586,11886.97806451613,13781.0,10549.33,1091.5217482469743,Tom's Hardware / PCMag / 3D Center
2020-11-01,RTX 3080,XX80,Ampere,10,0,699,1250.0,78.83,98,12.76,486.14433333333335,614.84,383.16,66.39171124435656,16645.757,19625.84,13550.49,1710.6033292664877,Tom's Hardware / PCMag / 3D Center
2020-12-01,RTX 3080,XX80,Ampere,10,0,699,1227.0,75.54,98,12.52,622.4883870967742,751.62,545.8,55.50743242105963,21983.136774193546,29001.72,18058.9,3454.3432222362103,Tom's Hardware / PCMag / 3D Center
2021-01-01,RTX 3080,XX80,Ampere,10,0,699,1290.0,84.55,98,13.16,1202.5029032258064,1391.61,730.37,162.76523300331576,34761.64967741936,40797.61,29374.15,2943.6755194965385,Tom's Hardware / PCMag / 3D Center
2021-02-01,RTX 3080,XX80,Ampere,10,0,699,1593.0,127.9,98,16.26,1699.8082142857143,1960.16,1369.04,168.84056854198866,46306.79928571428,57539.95,33537.18,6380.9741849860775,Tom's Hardware / PCMag / 3D Center
2021-03-01,RTX 3080,XX80,Ampere,10,0,699,2160.0,209.01,98,22.04,1736.8612903225805,1924.69,1492.61,118.95212467604874,54998.00806451613,61243.09,48378.99,3713.973760696591,Tom's Hardware / PCMag / 3D Center
2021-04-01,RTX 3080,XX80,Ampere,10,0,699,2280.0,226.18,98,23.27,2297.674,2773.21,1971.08,230.9562789734052,57206.719333333334,63503.46,49004.25,3801.3934502721418,Tom's Hardware / PCMag / 3D Center
2021-05-01,RTX 3080,XX80,Ampere,10,0,699,2400.0,243.35,98,24.49,3140.7312903225807,4168.7,2109.58,610.0490844062847,46443.287419354834,58803.78,34616.07,8918.501704551792,Tom's Hardware / PCMag / 3D Center
2021-06-01,RTX 3080,XX80,Ampere,10,0,699,1978.0,182.98,98,20.18,2335.7926666666667,2855.13,1813.22,301.9876175576756,35845.155999999995,40406.27,31637.78,2375.493579768506,Tom's Hardware / PCMag / 3D Center
2021-07-01,RTX 3080,XX80,Ampere,10,0,699,1636.0,134.05,98,16.69,2131.08,2536.21,1787.51,188.59930584884623,34444.97516129032,42235.55,29807.35,3155.950164981349,Tom's Hardware / PCMag / 3D Center
2021-08-01,RTX 3080,XX80,Ampere,10,0,699,1708.0,144.35,98,17.43,3098.3848387096773,3433.73,2502.35,234.3535155254555,45709.022580645156,49546.15,38152.98,3266.435839294333,Tom's Hardware / PCMag / 3D Center
2021-09-01,RTX 3080,XX80,Ampere,10,0,699,1740.0,148.93,98,17.76,3337.052666666667,3952.13,2764.43,364.0226144067704,45939.77133333333,52633.54,40693.68,3142.4849554603607,Tom's Hardware / PCMag / 3D Center
2021-10-01,RTX 3080,XX80,Ampere,10,0,699,1755.0,151.07,98,17.91,3818.7667741935484,4414.75,3307.52,327.82649298459773,57911.970645161295,65992.84,47711.49,5053.448922690946,Tom's Hardware / PCMag / 3D Center
2021-11-01,RTX 3080,XX80,Ampere,10,0,699,1773.0,153.65,98,18.09,4434.127666666666,4812.09,4000.65,224.7713100277907,60621.490333333335,67566.83,53569.77,3740.8043616354616,Tom's Hardware / PCMag / 3D Center
2021-12-01,RTX 3080,XX80,Ampere,10,0,699,1780.0,154.65,98,18.16,4044.7425806451615,4586.99,3628.53,234.11663561805722,49263.21,57229.83,46202.14,2740.049010084797,Tom's Hardware / PCMag / 3D Center
2022-01-01,RTX 3080,XX80,Ampere,10,0,699,1783.0,155.08,98,18.19,3054.6551612903227,3829.56,2405.18,455.8077858035558,41114.42161290323,47686.81,35030.25,3484.5738869088864,Tom's Hardware / PCMag / 3D Center
2022-02-01,RTX 3080,XX80,Ampere,10,0,699,1700.0,143.2,98,17.35,2868.179285714286,3239.46,2573.82,200.8464084435069,40763.474642857145,44575.2,36952.98,2554.77180994845,Tom's Hardware / PCMag / 3D Center
2022-03-01,RTX 3080,XX80,Ampere,10,0,699,1500.0,114.59,98,15.31,2876.342580645161,3401.99,2497.77,279.5489753390598,41966.23774193549,47465.73,37849.66,2926.5307860784164,Tom's Hardware / PCMag / 3D Center
2022-04-01,RTX 3080,XX80,Ampere,10,0,699,1129.0,61.52,98,11.52,3096.986,3522.83,2730.19,210.04957013639122,41435.319,46622.68,37714.88,2548.272869523048,Tom's Hardware / PCMag / 3D Center
2022-05-01,RTX 3080,XX80,Ampere,10,0,699,950.0,35.91,98,9.69,2187.3190322580645,2940.64,1724.92,364.8316156014517,31706.104838709678,39698.37,28627.57,3438.469405614339,Tom's Hardware / PCMag / 3D Center
2022-06-01,RTX 3080,XX80,Ampere,10,0,699,780.0,11.59,98,7.96,1382.7720000000002,1859.29,993.64,315.89575522357984,24383.685333333335,31370.67,19017.64,4561.581308771028,Tom's Hardware / PCMag / 3D Center
2022-07-01,RTX 3080,XX80,Ampere,10,0,699,707.0,1.14,98,7.21,1359.4090322580646,1727.41,1038.19,231.35124909042293,21539.254516129033,23843.89,19242.26,1473.8311095188628,Tom's Hardware / PCMag / 3D Center
2022-08-01,RTX 3080,XX80,Ampere,10,0,699,690.0,-1.29,98,7.04,1699.2312903225807,1981.34,1430.55,149.0058024539523,22366.266129032258,24424.07,19616.81,1545.3153807981007,Tom's Hardware / PCMag / 3D Center
2022-09-01,RTX 3080,XX80,Ampere,10,0,699,675.0,-3.43,98,6.89,1489.6179310344828,1776.2,1252.61,160.3561640175507,19817.641034482756,22370.45,18547.4,933.4691683995046,Tom's Hardware / PCMag / 3D Center
2021-06-01,RTX 3080 LHR,XX80,Ampere,10,1,699,1400.0,100.29,55,25.45,2335.7926666666667,2855.13,1813.22,301.9876175576756,35845.155999999995,40406.27,31637.78,2375.493579768506,TechSpot / Tom's Hardware — range $1250-$1550 (midpoint used)
2021-07-01,RTX 3080 LHR,XX80,Ampere,10,1,699,1475.0,111.02,55,26.82,2131.08,2536.21,1787.51,188.59930584884623,34444.97516129032,42235.55,29807.35,3155.950164981349,TechSpot / Tom's Hardware — range $1350-$1600 (midpoint used)
2021-08-01,RTX 3080 LHR,XX80,Ampere,10,1,699,1475.0,111.02,55,26.82,3098.3848387096773,3433.73,2502.35,234.3535155254555,45709.022580645156,49546.15,38152.98,3266.435839294333,TechSpot / Tom's Hardware — range $1400-$1550 (midpoint used)
2021-09-01,RTX 3080 LHR,XX80,Ampere,10,1,699,1425.0,103.86,55,25.91,3337.052666666667,3952.13,2764.43,364.0226144067704,45939.77133333333,52633.54,40693.68,3142.4849554603607,TechSpot / Tom's Hardware — range $1300-$1550 (midpoint used)
2021-10-01,RTX 3080 LHR,XX80,Ampere,10,1,699,1375.0,96.71,55,25.0,3818.7667741935484,4414.75,3307.52,327.82649298459773,57911.970645161295,65992.84,47711.49,5053.448922690946,TechSpot / Tom's Hardware — range $1250-$1500 (midpoint used)
2021-11-01,RTX 3080 LHR,XX80,Ampere,10,1,699,1325.0,89.56,55,24.09,4434.127666666666,4812.09,4000.65,224.7713100277907,60621.490333333335,67566.83,53569.77,3740.8043616354616,TechSpot / Tom's Hardware — range $1200-$1450 (midpoint used)
2021-12-01,RTX 3080 LHR,XX80,Ampere,10,1,699,1450.0,107.44,55,26.36,4044.7425806451615,4586.99,3628.53,234.11663561805722,49263.21,57229.83,46202.14,2740.049010084797,TechSpot / Tom's Hardware — range $1350-$1550 (midpoint used)
2022-01-01,RTX 3080 LHR,XX80,Ampere,10,1,699,1125.0,60.94,55,20.45,3054.6551612903227,3829.56,2405.18,455.8077858035558,41114.42161290323,47686.81,35030.25,3484.5738869088864,TechSpot / Tom's Hardware — range $950-$1300 (midpoint used)
2022-02-01,RTX 3080 LHR,XX80,Ampere,10,1,699,1075.0,53.79,55,19.55,2868.179285714286,3239.46,2573.82,200.8464084435069,40763.474642857145,44575.2,36952.98,2554.77180994845,TechSpot / Tom's Hardware — range $900-$1250 (midpoint used)
2022-03-01,RTX 3080 LHR,XX80,Ampere,10,1,699,1000.0,43.06,55,18.18,2876.342580645161,3401.99,2497.77,279.5489753390598,41966.23774193549,47465.73,37849.66,2926.5307860784164,TechSpot / Tom's Hardware — range $850-$1150 (midpoint used)
2022-04-01,RTX 3080 LHR,XX80,Ampere,10,1,699,850.0,21.6,55,15.45,3096.986,3522.83,2730.19,210.04957013639122,41435.319,46622.68,37714.88,2548.272869523048,TechSpot / Tom's Hardware — range $700-$1000 (midpoint used)
2022-05-01,RTX 3080 LHR,XX80,Ampere,10,1,699,800.0,14.45,55,14.55,2187.3190322580645,2940.64,1724.92,364.8316156014517,31706.104838709678,39698.37,28627.57,3438.469405614339,TechSpot / Tom's Hardware — range $650-$950 (midpoint used)
2022-06-01,RTX 3080 LHR,XX80,Ampere,10,1,699,750.0,7.3,55,13.64,1382.7720000000002,1859.29,993.64,315.89575522357984,24383.685333333335,31370.67,19017.64,4561.581308771028,TechSpot / Tom's Hardware — range $600-$900 (midpoint used)
2022-07-01,RTX 3080 LHR,XX80,Ampere,10,1,699,675.0,-3.43,55,12.27,1359.4090322580646,1727.41,1038.19,231.35124909042293,21539.254516129033,23843.89,19242.26,1473.8311095188628,TechSpot / Tom's Hardware — range $550-$800 (midpoint used)
2022-08-01,RTX 3080 LHR,XX80,Ampere,10,1,699,625.0,-10.59,55,11.36,1699.2312903225807,1981.34,1430.55,149.0058024539523,22366.266129032258,24424.07,19616.81,1545.3153807981007,TechSpot / Tom's Hardware — range $500-$750 (midpoint used)
2022-09-01,RTX 3080 LHR,XX80,Ampere,10,1,699,600.0,-14.16,55,10.91,1489.6179310344828,1776.2,1252.61,160.3561640175507,19817.641034482756,22370.45,18547.4,933.4691683995046,TechSpot / Tom's Hardware — range $480-$720 (midpoint used)
2021-07-01,RTX 3080 Ti,XX80,Ampere,12,0,1199,1886.0,57.3,80,23.58,2131.08,2536.21,1787.51,188.59930584884623,34444.97516129032,42235.55,29807.35,3155.950164981349,Tom's Hardware / PCMag / 3D Center
2021-08-01,RTX 3080 Ti,XX80,Ampere,12,0,1199,1832.0,52.79,80,22.9,3098.3848387096773,3433.73,2502.35,234.3535155254555,45709.022580645156,49546.15,38152.98,3266.435839294333,Tom's Hardware / PCMag / 3D Center
2021-09-01,RTX 3080 Ti,XX80,Ampere,12,0,1199,1885.0,57.21,80,23.56,3337.052666666667,3952.13,2764.43,364.0226144067704,45939.77133333333,52633.54,40693.68,3142.4849554603607,Tom's Hardware / PCMag / 3D Center
2021-10-01,RTX 3080 Ti,XX80,Ampere,12,0,1199,1910.0,59.3,80,23.88,3818.7667741935484,4414.75,3307.52,327.82649298459773,57911.970645161295,65992.84,47711.49,5053.448922690946,Tom's Hardware / PCMag / 3D Center
2021-11-01,RTX 3080 Ti,XX80,Ampere,12,0,1199,1941.0,61.88,80,24.26,4434.127666666666,4812.09,4000.65,224.7713100277907,60621.490333333335,67566.83,53569.77,3740.8043616354616,Tom's Hardware / PCMag / 3D Center
2021-12-01,RTX 3080 Ti,XX80,Ampere,12,0,1199,1965.0,63.89,80,24.56,4044.7425806451615,4586.99,3628.53,234.11663561805722,49263.21,57229.83,46202.14,2740.049010084797,Tom's Hardware / PCMag / 3D Center
2022-01-01,RTX 3080 Ti,XX80,Ampere,12,0,1199,1992.0,66.14,80,24.9,3054.6551612903227,3829.56,2405.18,455.8077858035558,41114.42161290323,47686.81,35030.25,3484.5738869088864,Tom's Hardware / PCMag / 3D Center
2022-02-01,RTX 3080 Ti,XX80,Ampere,12,0,1199,1780.0,48.46,80,22.25,2868.179285714286,3239.46,2573.82,200.8464084435069,40763.474642857145,44575.2,36952.98,2554.77180994845,Tom's Hardware / PCMag / 3D Center
2022-03-01,RTX 3080 Ti,XX80,Ampere,12,0,1199,1450.0,20.93,80,18.12,2876.342580645161,3401.99,2497.77,279.5489753390598,41966.23774193549,47465.73,37849.66,2926.5307860784164,Tom's Hardware / PCMag / 3D Center
2022-04-01,RTX 3080 Ti,XX80,Ampere,12,0,1199,1168.0,-2.59,80,14.6,3096.986,3522.83,2730.19,210.04957013639122,41435.319,46622.68,37714.88,2548.272869523048,Tom's Hardware / PCMag / 3D Center
2022-05-01,RTX 3080 Ti,XX80,Ampere,12,0,1199,1050.0,-12.43,80,13.12,2187.3190322580645,2940.64,1724.92,364.8316156014517,31706.104838709678,39698.37,28627.57,3438.469405614339,Tom's Hardware / PCMag / 3D Center
2022-06-01,RTX 3080 Ti,XX80,Ampere,12,0,1199,980.0,-18.27,80,12.25,1382.7720000000002,1859.29,993.64,315.89575522357984,24383.685333333335,31370.67,19017.64,4561.581308771028,Tom's Hardware / PCMag / 3D Center
2022-07-01,RTX 3080 Ti,XX80,Ampere,12,0,1199,921.0,-23.19,80,11.51,1359.4090322580646,1727.41,1038.19,231.35124909042293,21539.254516129033,23843.89,19242.26,1473.8311095188628,Tom's Hardware / PCMag / 3D Center
2022-08-01,RTX 3080 Ti,XX80,Ampere,12,0,1199,890.0,-25.77,80,11.12,1699.2312903225807,1981.34,1430.55,149.0058024539523,22366.266129032258,24424.07,19616.81,1545.3153807981007,Tom's Hardware / PCMag / 3D Center
2022-09-01,RTX 3080 Ti,XX80,Ampere,12,0,1199,865.0,-27.86,80,10.81,1489.6179310344828,1776.2,1252.61,160.3561640175507,19817.641034482756,22370.45,18547.4,933.4691683995046,Tom's Hardware / PCMag / 3D Center
2020-10-01,RTX 3090,XX90,Ampere,24,0,1499,2100.0,40.09,120,17.5,376.22322580645164,413.77,340.82,21.20262411229586,11886.97806451613,13781.0,10549.33,1091.5217482469743,Tom's Hardware / PCMag / 3D Center
2020-11-01,RTX 3090,XX90,Ampere,24,0,1499,2050.0,36.76,120,17.08,486.14433333333335,614.84,383.16,66.39171124435656,16645.757,19625.84,13550.49,1710.6033292664877,Tom's Hardware / PCMag / 3D Center
2020-12-01,RTX 3090,XX90,Ampere,24,0,1499,2076.0,38.49,120,17.3,622.4883870967742,751.62,545.8,55.50743242105963,21983.136774193546,29001.72,18058.9,3454.3432222362103,Tom's Hardware / PCMag / 3D Center
2021-01-01,RTX 3090,XX90,Ampere,24,0,1499,2087.0,39.23,120,17.39,1202.5029032258064,1391.61,730.37,162.76523300331576,34761.64967741936,40797.61,29374.15,2943.6755194965385,Tom's Hardware / PCMag / 3D Center
2021-02-01,RTX 3090,XX90,Ampere,24,0,1499,2379.0,58.71,120,19.82,1699.8082142857143,1960.16,1369.04,168.84056854198866,46306.79928571428,57539.95,33537.18,6380.9741849860775,Tom's Hardware / PCMag / 3D Center
2021-03-01,RTX 3090,XX90,Ampere,24,0,1499,2985.0,99.13,120,24.88,1736.8612903225805,1924.69,1492.61,118.95212467604874,54998.00806451613,61243.09,48378.99,3713.973760696591,Tom's Hardware / PCMag / 3D Center
2021-04-01,RTX 3090,XX90,Ampere,24,0,1499,3100.0,106.8,120,25.83,2297.674,2773.21,1971.08,230.9562789734052,57206.719333333334,63503.46,49004.25,3801.3934502721418,Tom's Hardware / PCMag / 3D Center
2021-05-01,RTX 3090,XX90,Ampere,24,0,1499,3200.0,113.48,120,26.67,3140.7312903225807,4168.7,2109.58,610.0490844062847,46443.287419354834,58803.78,34616.07,8918.501704551792,Tom's Hardware / PCMag / 3D Center
2021-06-01,RTX 3090,XX90,Ampere,24,0,1499,3002.0,100.27,120,25.02,2335.7926666666667,2855.13,1813.22,301.9876175576756,35845.155999999995,40406.27,31637.78,2375.493579768506,Tom's Hardware / PCMag / 3D Center
2021-07-01,RTX 3090,XX90,Ampere,24,0,1499,2483.0,65.64,120,20.69,2131.08,2536.21,1787.51,188.59930584884623,34444.97516129032,42235.55,29807.35,3155.950164981349,Tom's Hardware / PCMag / 3D Center
2021-08-01,RTX 3090,XX90,Ampere,24,0,1499,2567.0,71.25,120,21.39,3098.3848387096773,3433.73,2502.35,234.3535155254555,45709.022580645156,49546.15,38152.98,3266.435839294333,Tom's Hardware / PCMag / 3D Center
2021-09-01,RTX 3090,XX90,Ampere,24,0,1499,2750.0,83.46,120,22.92,3337.052666666667,3952.13,2764.43,364.0226144067704,45939.77133333333,52633.54,40693.68,3142.4849554603607,Tom's Hardware / PCMag / 3D Center
2021-10-01,RTX 3090,XX90,Ampere,24,0,1499,2850.0,90.13,120,23.75,3818.7667741935484,4414.75,3307.52,327.82649298459773,57911.970645161295,65992.84,47711.49,5053.448922690946,Tom's Hardware / PCMag / 3D Center
2021-11-01,RTX 3090,XX90,Ampere,24,0,1499,2947.0,96.6,120,24.56,4434.127666666666,4812.09,4000.65,224.7713100277907,60621.490333333335,67566.83,53569.77,3740.8043616354616,Tom's Hardware / PCMag / 3D Center
2021-12-01,RTX 3090,XX90,Ampere,24,0,1499,2930.0,95.46,120,24.42,4044.7425806451615,4586.99,3628.53,234.11663561805722,49263.21,57229.83,46202.14,2740.049010084797,Tom's Hardware / PCMag / 3D Center
2022-01-01,RTX 3090,XX90,Ampere,24,0,1499,2918.0,94.66,120,24.32,3054.6551612903227,3829.56,2405.18,455.8077858035558,41114.42161290323,47686.81,35030.25,3484.5738869088864,Tom's Hardware / PCMag / 3D Center
2022-02-01,RTX 3090,XX90,Ampere,24,0,1499,2650.0,76.78,120,22.08,2868.179285714286,3239.46,2573.82,200.8464084435069,40763.474642857145,44575.2,36952.98,2554.77180994845,Tom's Hardware / PCMag / 3D Center
2022-03-01,RTX 3090,XX90,Ampere,24,0,1499,2200.0,46.76,120,18.33,2876.342580645161,3401.99,2497.77,279.5489753390598,41966.23774193549,47465.73,37849.66,2926.5307860784164,Tom's Hardware / PCMag / 3D Center
2022-04-01,RTX 3090,XX90,Ampere,24,0,1499,1837.0,22.55,120,15.31,3096.986,3522.83,2730.19,210.04957013639122,41435.319,46622.68,37714.88,2548.272869523048,Tom's Hardware / PCMag / 3D Center
2022-05-01,RTX 3090,XX90,Ampere,24,0,1499,1500.0,0.07,120,12.5,2187.3190322580645,2940.64,1724.92,364.8316156014517,31706.104838709678,39698.37,28627.57,3438.469405614339,Tom's Hardware / PCMag / 3D Center
2022-06-01,RTX 3090,XX90,Ampere,24,0,1499,1200.0,-19.95,120,10.0,1382.7720000000002,1859.29,993.64,315.89575522357984,24383.685333333335,31370.67,19017.64,4561.581308771028,Tom's Hardware / PCMag / 3D Center
2022-07-01,RTX 3090,XX90,Ampere,24,0,1499,1043.0,-30.42,120,8.69,1359.4090322580646,1727.41,1038.19,231.35124909042293,21539.254516129033,23843.89,19242.26,1473.8311095188628,Tom's Hardware / PCMag / 3D Center
2022-08-01,RTX 3090,XX90,Ampere,24,0,1499,1000.0,-33.29,120,8.33,1699.2312903225807,1981.34,1430.55,149.0058024539523,22366.266129032258,24424.07,19616.81,1545.3153807981007,Tom's Hardware / PCMag / 3D Center
2022-09-01,RTX 3090,XX90,Ampere,24,0,1499,970.0,-35.29,120,8.08,1489.6179310344828,1776.2,1252.61,160.3561640175507,19817.641034482756,22370.45,18547.4,933.4691683995046,Tom's Hardware / PCMag / 3D Center
