date,BTC_price_usd,ETH_price_usd
2019-01-01,3843.52,140.82
2019-01-02,3943.41,155.05
2019-01-03,3836.74,149.14
2019-01-04,3857.72,154.58
2019-01-05,3845.19,155.64
2019-01-06,4076.63,157.75
2019-01-07,4025.25,151.7
2019-01-08,4030.85,150.36
2019-01-09,4035.3,150.8
2019-01-10,3678.92,128.63
2019-01-11,3687.37,127.55
2019-01-12,3661.3,125.97
2019-01-13,3552.95,116.9
2019-01-14,3706.05,129.07
2019-01-15,3630.68,122.03
2019-01-16,3655.01,123.55
2019-01-17,3678.56,123.74
2019-01-18,3657.84,121.01
2019-01-19,3728.57,124.52
2019-01-20,3601.01,119.47
2019-01-21,3576.03,117.16
2019-01-22,3604.58,118.75
2019-01-23,3585.12,117.45
2019-01-24,3600.87,117.36
2019-01-25,3599.77,116.38
2019-01-26,3602.46,116.49
2019-01-27,3583.97,113.41
2019-01-28,3470.45,106.59
2019-01-29,3448.12,105.6
2019-01-30,3486.18,108.91
2019-01-31,3457.79,107.06
2019-02-01,3487.95,107.61
2019-02-02,3521.06,110.43
2019-02-03,3464.01,107.49
2019-02-04,3459.15,107.82
2019-02-05,3466.36,107.44
2019-02-06,3413.77,104.92
2019-02-07,3399.47,104.54
2019-02-08,3666.78,119.27
2019-02-09,3671.2,119.43
2019-02-10,3690.19,124.81
2019-02-11,3648.43,121.3
2019-02-12,3653.53,122.57
2019-02-13,3632.07,122.55
2019-02-14,3616.88,121.39
2019-02-15,3620.81,122.1
2019-02-16,3629.79,123.26
2019-02-17,3673.84,133.6
2019-02-18,3915.71,146.1
2019-02-19,3947.09,145.35
2019-02-20,3999.82,149.55
2019-02-21,3954.12,146.13
2019-02-22,4005.53,149.09
2019-02-23,4142.53,158.8
2019-02-24,3810.43,135.85
2019-02-25,3882.7,139.82
2019-02-26,3854.36,138.09
2019-02-27,3851.05,136.13
2019-02-28,3854.79,136.75
2019-03-01,3859.58,136.44
2019-03-02,3864.42,134.21
2019-03-03,3847.18,132.25
2019-03-04,3761.56,127.77
2019-03-05,3896.38,137.82
2019-03-06,3903.94,138.79
2019-03-07,3911.48,138.03
2019-03-08,3901.13,135.13
2019-03-09,3963.31,137.97
2019-03-10,3951.6,136.76
2019-03-11,3905.23,133.83
2019-03-12,3909.16,134.44
2019-03-13,3906.72,133.26
2019-03-14,3924.37,133.71
2019-03-15,3960.91,137.69
2019-03-16,4048.73,142.4
2019-03-17,4025.23,140.0
2019-03-18,4032.51,139.37
2019-03-19,4071.19,140.52
2019-03-20,4087.48,140.69
2019-03-21,4029.33,136.64
2019-03-22,4023.97,137.18
2019-03-23,4035.83,138.24
2019-03-24,4022.17,136.99
2019-03-25,3963.07,135.03
2019-03-26,3985.08,135.46
2019-03-27,4087.07,140.99
2019-03-28,4069.11,139.42
2019-03-29,4098.37,142.5
2019-03-30,4106.66,142.09
2019-03-31,4105.4,141.51
2019-04-01,4158.18,141.83
2019-04-02,4879.88,163.96
2019-04-03,4973.02,161.46
2019-04-04,4922.8,158.05
2019-04-05,5036.68,165.51
2019-04-06,5059.82,165.95
2019-04-07,5198.9,174.53
2019-04-08,5289.77,180.26
2019-04-09,5204.96,176.11
2019-04-10,5324.55,177.34
2019-04-11,5064.49,165.5
2019-04-12,5089.54,164.74
2019-04-13,5096.59,164.51
2019-04-14,5167.72,167.84
2019-04-15,5067.11,161.57
2019-04-16,5235.56,167.62
2019-04-17,5251.94,166.95
2019-04-18,5298.39,173.81
2019-04-19,5303.81,173.71
2019-04-20,5337.89,173.75
2019-04-21,5314.53,170.05
2019-04-22,5399.37,171.87
2019-04-23,5572.36,171.45
2019-04-24,5464.87,165.83
2019-04-25,5210.52,154.46
2019-04-26,5279.35,156.35
2019-04-27,5268.29,158.43
2019-04-28,5285.14,157.3
2019-04-29,5247.35,155.2
2019-04-30,5350.73,162.17
2019-05-01,5402.7,160.82
2019-05-02,5505.28,162.12
2019-05-03,5768.29,167.95
2019-05-04,5831.17,164.03
2019-05-05,5795.71,163.45
2019-05-06,5746.81,172.65
2019-05-07,5829.5,169.8
2019-05-08,5982.46,170.95
2019-05-09,6174.53,170.29
2019-05-10,6378.85,173.14
2019-05-11,7204.77,194.3
2019-05-12,6972.37,187.33
2019-05-13,7814.92,196.85
2019-05-14,7994.42,217.15
2019-05-15,8205.17,247.15
2019-05-16,7884.91,264.01
2019-05-17,7343.9,243.76
2019-05-18,7271.21,234.6
2019-05-19,8197.69,261.29
2019-05-20,7978.31,251.86
2019-05-21,7963.33,255.22
2019-05-22,7680.07,244.7
2019-05-23,7881.85,245.97
2019-05-24,7987.37,249.48
2019-05-25,8052.54,251.76
2019-05-26,8673.22,267.07
2019-05-27,8805.78,272.86
2019-05-28,8719.96,271.77
2019-05-29,8659.49,269.46
2019-05-30,8319.47,255.86
2019-05-31,8574.5,268.11
2019-06-01,8564.02,265.39
2019-06-02,8742.96,270.23
2019-06-03,8209.0,252.61
2019-06-04,7707.77,241.34
2019-06-05,7824.23,247.05
2019-06-06,7822.02,249.47
2019-06-07,8043.95,250.93
2019-06-08,7954.13,245.74
2019-06-09,7688.08,233.09
2019-06-10,8000.33,247.52
2019-06-11,7927.71,245.78
2019-06-12,8145.86,260.9
2019-06-13,8230.92,256.17
2019-06-14,8693.83,264.09
2019-06-15,8838.38,269.02
2019-06-16,8994.49,269.22
2019-06-17,9320.35,274.35
2019-06-18,9081.76,265.05
2019-06-19,9273.52,269.43
2019-06-20,9527.16,271.7
2019-06-21,10144.56,294.91
2019-06-22,10701.69,309.38
2019-06-23,10855.37,307.83
2019-06-24,11011.1,310.42
2019-06-25,11790.92,318.13
2019-06-26,13016.23,336.75
2019-06-27,11182.81,294.27
2019-06-28,12407.33,311.23
2019-06-29,11959.37,320.06
2019-06-30,10817.16,290.7
2019-07-01,10583.13,293.64
2019-07-02,10801.68,291.6
2019-07-03,11961.27,303.1
2019-07-04,11215.44,284.52
2019-07-05,10978.46,288.0
2019-07-06,11208.55,287.55
2019-07-07,11450.85,305.7
2019-07-08,12285.96,313.25
2019-07-09,12573.81,308.88
2019-07-10,12156.51,290.0
2019-07-11,11358.66,268.7
2019-07-12,11815.99,276.28
2019-07-13,11392.38,269.46
2019-07-14,10256.06,227.58
2019-07-15,10895.09,229.78
2019-07-16,9477.64,199.19
2019-07-17,9693.8,211.48
2019-07-18,10666.48,226.57
2019-07-19,10530.73,221.33
2019-07-20,10767.14,229.12
2019-07-21,10599.11,225.63
2019-07-22,10343.11,217.56
2019-07-23,9900.77,212.73
2019-07-24,9811.93,217.05
2019-07-25,9911.84,219.62
2019-07-26,9870.3,219.63
2019-07-27,9477.68,207.41
2019-07-28,9552.86,211.19
2019-07-29,9519.15,211.27
2019-07-30,9607.42,210.52
2019-07-31,10085.63,218.65
2019-08-01,10399.67,217.81
2019-08-02,10518.17,217.87
2019-08-03,10821.73,222.49
2019-08-04,10970.18,222.67
2019-08-05,11805.65,234.22
2019-08-06,11478.17,226.02
2019-08-07,11941.97,226.39
2019-08-08,11966.41,220.94
2019-08-09,11862.94,210.49
2019-08-10,11354.02,206.73
2019-08-11,11523.58,216.09
2019-08-12,11382.62,211.29
2019-08-13,10895.83,208.71
2019-08-14,10051.7,186.61
2019-08-15,10311.55,188.5
2019-08-16,10374.34,185.44
2019-08-17,10231.74,185.69
2019-08-18,10345.81,194.49
2019-08-19,10916.05,203.09
2019-08-20,10763.23,196.57
2019-08-21,10138.05,186.89
2019-08-22,10131.06,191.33
2019-08-23,10407.96,194.71
2019-08-24,10159.96,191.29
2019-08-25,10138.52,186.84
2019-08-26,10370.82,188.93
2019-08-27,10185.5,187.52
2019-08-28,9754.42,173.89
2019-08-29,9510.2,169.52
2019-08-30,9598.17,168.83
2019-08-31,9630.66,172.47
2019-09-01,9757.97,171.63
2019-09-02,10346.76,178.35
2019-09-03,10623.54,179.5
2019-09-04,10594.49,175.99
2019-09-05,10575.53,174.22
2019-09-06,10353.3,169.96
2019-09-07,10517.25,178.26
2019-09-08,10441.28,181.36
2019-09-09,10334.97,181.15
2019-09-10,10115.98,179.79
2019-09-11,10178.37,178.73
2019-09-12,10410.13,181.02
2019-09-13,10360.55,181.11
2019-09-14,10358.05,188.11
2019-09-15,10347.71,189.79
2019-09-16,10276.79,197.11
2019-09-17,10241.27,208.61
2019-09-18,10198.25,211.39
2019-09-19,10266.42,221.28
2019-09-20,10181.64,218.05
2019-09-21,10019.72,215.52
2019-09-22,10070.39,211.55
2019-09-23,9729.32,201.92
2019-09-24,8620.57,168.11
2019-09-25,8486.99,170.89
2019-09-26,8118.97,166.73
2019-09-27,8251.85,174.71
2019-09-28,8245.92,174.57
2019-09-29,8104.19,170.5
2019-09-30,8293.87,179.87
2019-10-01,8343.28,177.34
2019-10-02,8393.04,180.71
2019-10-03,8259.99,175.2
2019-10-04,8205.94,176.99
2019-10-05,8151.5,176.35
2019-10-06,7988.16,173.06
2019-10-07,8245.62,181.19
2019-10-08,8228.78,182.02
2019-10-09,8595.74,193.29
2019-10-10,8586.47,191.66
2019-10-11,8321.76,182.57
2019-10-12,8336.56,180.83
2019-10-13,8321.01,182.08
2019-10-14,8374.69,186.96
2019-10-15,8205.37,181.41
2019-10-16,8047.53,176.01
2019-10-17,8103.91,178.03
2019-10-18,7973.21,173.62
2019-10-19,7988.56,172.91
2019-10-20,8222.08,175.53
2019-10-21,8243.72,174.92
2019-10-22,8078.2,172.3
2019-10-23,7514.67,162.4
2019-10-24,7493.49,162.17
2019-10-25,8660.7,181.52
2019-10-26,9244.97,179.84
2019-10-27,9551.71,184.24
2019-10-28,9256.15,182.66
2019-10-29,9427.69,190.34
2019-10-30,9205.73,184.69
2019-10-31,9199.58,183.97
2019-11-01,9261.1,183.97
2019-11-02,9324.72,183.93
2019-11-03,9235.35,182.43
2019-11-04,9412.61,186.36
2019-11-05,9342.53,189.3
2019-11-06,9360.88,191.59
2019-11-07,9267.56,187.98
2019-11-08,8804.88,184.21
2019-11-09,8813.58,185.03
2019-11-10,9055.53,189.48
2019-11-11,8757.79,185.49
2019-11-12,8815.66,186.84
2019-11-13,8808.26,188.26
2019-11-14,8708.09,186.0
2019-11-15,8491.99,180.52
2019-11-16,8550.76,183.35
2019-11-17,8577.98,185.12
2019-11-18,8309.29,180.56
2019-11-19,8206.15,177.46
2019-11-20,8027.27,175.7
2019-11-21,7642.75,161.46
2019-11-22,7296.58,150.27
2019-11-23,7397.8,153.42
2019-11-24,7047.92,142.83
2019-11-25,7146.13,146.48
2019-11-26,7218.37,148.97
2019-11-27,7531.66,153.01
2019-11-28,7463.11,151.72
2019-11-29,7761.24,155.3
2019-11-30,7569.63,152.54
2019-12-01,7424.29,151.19
2019-12-02,7321.99,149.06
2019-12-03,7320.15,147.96
2019-12-04,7252.03,146.75
2019-12-05,7448.31,149.25
2019-12-06,7547.0,149.19
2019-12-07,7556.24,148.77
2019-12-08,7564.35,151.26
2019-12-09,7400.9,148.23
2019-12-10,7278.12,146.27
2019-12-11,7217.43,143.61
2019-12-12,7243.13,145.6
2019-12-13,7269.68,144.94
2019-12-14,7124.67,142.87
2019-12-15,7152.3,143.11
2019-12-16,6932.48,133.61
2019-12-17,6640.52,122.6
2019-12-18,7276.8,133.09
2019-12-19,7202.84,129.32
2019-12-20,7218.82,129.07
2019-12-21,7191.16,128.13
2019-12-22,7511.59,132.37
2019-12-23,7355.63,128.61
2019-12-24,7322.53,129.06
2019-12-25,7275.16,126.45
2019-12-26,7238.97,126.36
2019-12-27,7290.09,127.21
2019-12-28,7317.99,128.32
2019-12-29,7422.65,134.76
2019-12-30,7293.0,132.63
2019-12-31,7193.6,129.61
2020-01-01,7200.17,130.8
2020-01-02,6985.47,127.41
2020-01-03,7344.88,134.17
2020-01-04,7410.66,135.07
2020-01-05,7411.32,136.28
2020-01-06,7769.22,144.3
2020-01-07,8163.69,143.54
2020-01-08,8079.86,141.26
2020-01-09,7879.07,138.98
2020-01-10,8166.55,143.96
2020-01-11,8037.54,142.93
2020-01-12,8192.49,145.87
2020-01-13,8144.19,144.23
2020-01-14,8827.76,165.96
2020-01-15,8807.01,166.23
2020-01-16,8723.79,164.39
2020-01-17,8929.04,170.78
2020-01-18,8942.81,175.37
2020-01-19,8706.25,166.97
2020-01-20,8657.64,167.12
2020-01-21,8745.89,169.7
2020-01-22,8680.88,168.29
2020-01-23,8406.52,162.93
2020-01-24,8445.43,163.05
2020-01-25,8367.85,161.28
2020-01-26,8596.83,168.08
2020-01-27,8909.82,170.93
2020-01-28,9358.59,176.37
2020-01-29,9316.63,175.05
2020-01-30,9508.99,184.69
2020-01-31,9350.53,180.16
2020-02-01,9392.88,183.67
2020-02-02,9344.37,188.62
2020-02-03,9293.52,189.87
2020-02-04,9180.96,189.25
2020-02-05,9613.42,204.23
2020-02-06,9729.8,212.34
2020-02-07,9795.94,222.73
2020-02-08,9865.12,223.15
2020-02-09,10116.67,228.58
2020-02-10,9856.61,223.52
2020-02-11,10208.24,235.85
2020-02-12,10326.05,265.41
2020-02-13,10214.38,268.1
2020-02-14,10312.12,284.22
2020-02-15,9889.42,264.73
2020-02-16,9934.43,259.89
2020-02-17,9690.14,266.36
2020-02-18,10142.0,281.94
2020-02-19,9633.39,259.76
2020-02-20,9608.48,257.95
2020-02-21,9686.44,265.6
2020-02-22,9663.18,262.33
2020-02-23,9924.52,273.75
2020-02-24,9650.17,265.22
2020-02-25,9341.71,247.82
2020-02-26,8820.52,225.68
2020-02-27,8784.49,226.75
2020-02-28,8672.46,226.76
2020-02-29,8599.51,219.85
2020-03-01,8562.45,218.97
2020-03-02,8869.67,230.57
2020-03-03,8787.79,224.48
2020-03-04,8755.25,224.52
2020-03-05,9078.76,229.27
2020-03-06,9122.55,243.53
2020-03-07,8909.95,237.85
2020-03-08,8108.12,200.69
2020-03-09,7923.64,201.99
2020-03-10,7909.73,200.77
2020-03-11,7911.43,194.87
2020-03-12,4970.79,112.35
2020-03-13,5563.71,133.2
2020-03-14,5200.37,123.31
2020-03-15,5392.31,125.21
2020-03-16,5014.48,110.61
2020-03-17,5225.63,113.94
2020-03-18,5238.44,114.84
2020-03-19,6191.19,136.59
2020-03-20,6198.78,132.74
2020-03-21,6185.07,132.82
2020-03-22,5830.25,123.32
2020-03-23,6416.31,134.91
2020-03-24,6734.8,138.76
2020-03-25,6681.06,136.2
2020-03-26,6716.44,138.36
2020-03-27,6469.8,133.94
2020-03-28,6242.19,130.99
2020-03-29,5922.04,125.58
2020-03-30,6429.84,132.9
2020-03-31,6438.64,133.59
2020-04-01,6606.78,135.63
2020-04-02,6793.62,142.03
2020-04-03,6733.39,142.09
2020-04-04,6867.53,145.22
2020-04-05,6791.13,143.55
2020-04-06,7271.78,169.14
2020-04-07,7176.41,165.1
2020-04-08,7334.1,172.64
2020-04-09,7302.09,170.81
2020-04-10,6865.49,158.41
2020-04-11,6859.08,158.22
2020-04-12,6971.09,161.14
2020-04-13,6845.04,156.28
2020-04-14,6842.43,157.6
2020-04-15,6642.11,153.29
2020-04-16,7116.8,172.16
2020-04-17,7096.18,171.64
2020-04-18,7257.67,186.91
2020-04-19,7189.42,181.61
2020-04-20,6881.96,172.3
2020-04-21,6880.32,172.74
2020-04-22,7117.21,182.6
2020-04-23,7429.72,185.03
2020-04-24,7550.9,189.24
2020-04-25,7569.94,195.52
2020-04-26,7679.87,197.32
2020-04-27,7795.6,197.22
2020-04-28,7807.06,198.42
2020-04-29,8801.04,216.97
2020-04-30,8658.55,207.6
2020-05-01,8864.77,214.22
2020-05-02,8988.6,215.33
2020-05-03,8897.47,210.93
2020-05-04,8912.65,208.17
2020-05-05,9003.07,206.77
2020-05-06,9268.76,204.06
2020-05-07,9951.52,212.29
2020-05-08,9842.67,212.99
2020-05-09,9593.9,211.6
2020-05-10,8756.43,188.6
2020-05-11,8601.8,185.91
2020-05-12,8804.48,189.31
2020-05-13,9269.99,199.19
2020-05-14,9733.72,202.95
2020-05-15,9328.2,195.62
2020-05-16,9377.01,200.68
2020-05-17,9670.74,207.16
2020-05-18,9726.58,214.53
2020-05-19,9729.04,213.45
2020-05-20,9522.98,210.1
2020-05-21,9081.76,199.88
2020-05-22,9182.58,207.17
2020-05-23,9209.29,208.69
2020-05-24,8790.37,202.37
2020-05-25,8906.93,205.32
2020-05-26,8835.05,201.9
2020-05-27,9181.02,208.86
2020-05-28,9525.75,219.84
2020-05-29,9439.12,220.68
2020-05-30,9700.41,242.35
2020-05-31,9461.06,230.98
2020-06-01,10167.27,246.99
2020-06-02,9529.8,237.22
2020-06-03,9656.72,244.18
2020-06-04,9800.64,244.43
2020-06-05,9665.53,241.22
2020-06-06,9653.68,241.93
2020-06-07,9758.85,245.17
2020-06-08,9771.49,246.31
2020-06-09,9795.7,244.91
2020-06-10,9870.09,247.44
2020-06-11,9321.78,231.7
2020-06-12,9480.84,237.49
2020-06-13,9475.28,238.91
2020-06-14,9386.79,234.11
2020-06-15,9450.7,229.93
2020-06-16,9538.02,234.42
2020-06-17,9480.25,233.03
2020-06-18,9411.84,232.1
2020-06-19,9288.02,227.14
2020-06-20,9332.34,229.27
2020-06-21,9303.63,228.99
2020-06-22,9648.72,242.53
2020-06-23,9629.66,244.14
2020-06-24,9313.61,235.77
2020-06-25,9264.81,232.94
2020-06-26,9162.92,229.67
2020-06-27,9045.39,222.96
2020-06-28,9143.58,225.35
2020-06-29,9190.85,228.19
2020-06-30,9137.99,226.32
2020-07-01,9228.33,231.11
2020-07-02,9123.41,229.39
2020-07-03,9087.3,225.39
2020-07-04,9132.49,229.07
2020-07-05,9073.94,227.66
2020-07-06,9375.47,241.51
2020-07-07,9252.28,239.08
2020-07-08,9428.33,246.67
2020-07-09,9277.97,243.02
2020-07-10,9278.81,240.98
2020-07-11,9240.35,239.46
2020-07-12,9276.5,242.13
2020-07-13,9243.61,239.6
2020-07-14,9243.21,240.21
2020-07-15,9192.84,238.42
2020-07-16,9132.23,233.64
2020-07-17,9151.39,232.77
2020-07-18,9159.04,235.48
2020-07-19,9185.82,238.49
2020-07-20,9164.23,236.15
2020-07-21,9374.89,245.02
2020-07-22,9525.36,262.19
2020-07-23,9581.07,274.69
2020-07-24,9536.89,279.22
2020-07-25,9677.11,304.06
2020-07-26,9905.17,309.64
2020-07-27,10990.87,321.51
2020-07-28,10912.82,316.66
2020-07-29,11100.47,318.19
2020-07-30,11111.21,334.59
2020-07-31,11323.47,345.55
2020-08-01,11759.59,385.2
2020-08-02,11053.61,370.67
2020-08-03,11246.35,386.3
2020-08-04,11205.89,389.88
2020-08-05,11747.02,401.59
2020-08-06,11779.77,394.96
2020-08-07,11601.47,379.51
2020-08-08,11754.05,393.99
2020-08-09,11675.74,391.12
2020-08-10,11878.11,395.89
2020-08-11,11410.53,380.38
2020-08-12,11584.93,391.02
2020-08-13,11784.14,428.74
2020-08-14,11768.87,437.4
2020-08-15,11865.7,433.35
2020-08-16,11892.8,433.79
2020-08-17,12254.4,429.53
2020-08-18,11991.23,423.67
2020-08-19,11758.28,406.46
2020-08-20,11878.37,416.44
2020-08-21,11592.49,389.13
2020-08-22,11681.83,395.84
2020-08-23,11664.85,391.38
2020-08-24,11774.6,408.14
2020-08-25,11366.13,384.0
2020-08-26,11488.36,386.47
2020-08-27,11323.4,382.63
2020-08-28,11542.5,395.87
2020-08-29,11506.87,399.92
2020-08-30,11711.51,428.4
2020-08-31,11680.82,435.08
2020-09-01,11970.48,477.05
2020-09-02,11414.03,440.04
2020-09-03,10245.3,385.67
2020-09-04,10511.81,388.24
2020-09-05,10169.57,335.26
2020-09-06,10280.35,353.36
2020-09-07,10369.56,352.67
2020-09-08,10131.52,337.6
2020-09-09,10242.35,351.11
2020-09-10,10363.14,368.1
2020-09-11,10400.92,374.7
2020-09-12,10442.17,387.18
2020-09-13,10323.76,365.57
2020-09-14,10680.84,377.27
2020-09-15,10796.95,364.84
2020-09-16,10974.91,365.81
2020-09-17,10948.99,389.02
2020-09-18,10944.59,384.36
2020-09-19,11094.35,385.54
2020-09-20,10938.27,371.05
2020-09-21,10462.26,341.79
2020-09-22,10538.46,344.5
2020-09-23,10246.19,321.12
2020-09-24,10760.07,349.36
2020-09-25,10692.72,352.18
2020-09-26,10750.72,355.49
2020-09-27,10775.27,357.44
2020-09-28,10709.65,355.16
2020-09-29,10844.64,359.76
2020-09-30,10784.49,359.94
2020-10-01,10619.45,353.21
2020-10-02,10575.97,346.24
2020-10-03,10549.33,346.52
2020-10-04,10669.58,352.58
2020-10-05,10793.34,353.96
2020-10-06,10604.41,340.82
2020-10-07,10668.97,341.81
2020-10-08,10915.69,350.77
2020-10-09,11064.46,365.59
2020-10-10,11296.36,370.97
2020-10-11,11384.18,375.14
2020-10-12,11555.36,387.73
2020-10-13,11425.9,381.19
2020-10-14,11429.51,379.48
2020-10-15,11495.35,377.44
2020-10-16,11322.12,366.23
2020-10-17,11358.1,368.86
2020-10-18,11483.36,378.21
2020-10-19,11742.04,379.94
2020-10-20,11916.33,369.14
2020-10-21,12823.69,392.19
2020-10-22,12965.89,413.77
2020-10-23,12931.54,409.77
2020-10-24,13108.06,412.46
2020-10-25,13031.17,406.22
2020-10-26,13075.25,393.89
2020-10-27,13654.22,404.0
2020-10-28,13271.29,388.65
2020-10-29,13437.88,386.73
2020-10-30,13546.52,382.82
2020-10-31,13781.0,386.59
2020-11-01,13737.11,396.36
2020-11-02,13550.49,383.16
2020-11-03,13950.3,387.6
2020-11-04,14133.71,402.14
2020-11-05,15579.85,414.07
2020-11-06,15565.88,454.72
2020-11-07,14833.75,435.71
2020-11-08,15479.57,453.55
2020-11-09,15332.32,444.16
2020-11-10,15290.9,449.68
2020-11-11,15701.34,462.96
2020-11-12,16276.34,461.01
2020-11-13,16317.81,474.63
2020-11-14,16068.14,460.15
2020-11-15,15955.59,447.56
2020-11-16,16716.11,459.94
2020-11-17,17645.41,480.36
2020-11-18,17804.01,479.48
2020-11-19,17817.09,471.63
2020-11-20,18621.31,509.74
2020-11-21,18642.23,549.49
2020-11-22,18370.0,558.07
2020-11-23,18364.12,608.45
2020-11-24,19107.46,603.9
2020-11-25,18732.12,570.69
2020-11-26,17150.62,518.8
2020-11-27,17108.4,517.49
2020-11-28,17717.41,538.23
2020-11-29,18177.48,575.76
2020-11-30,19625.84,614.84
2020-12-01,18803.0,587.32
2020-12-02,19201.09,598.35
2020-12-03,19445.4,616.71
2020-12-04,18699.77,569.35
2020-12-05,19154.23,596.6
2020-12-06,19345.12,601.91
2020-12-07,19191.63,591.84
2020-12-08,18321.14,554.83
2020-12-09,18553.92,573.48
2020-12-10,18264.99,559.68
2020-12-11,18058.9,545.8
2020-12-12,18803.66,568.57
2020-12-13,19142.38,589.66
2020-12-14,19246.64,586.01
2020-12-15,19417.08,589.36
2020-12-16,21310.6,636.18
2020-12-17,22805.16,642.87
2020-12-18,23137.96,654.81
2020-12-19,23869.83,659.3
2020-12-20,23477.29,638.29
2020-12-21,22803.08,609.82
2020-12-22,23783.03,634.85
2020-12-23,23241.35,583.71
2020-12-24,23735.95,611.61
2020-12-25,24664.79,626.41
2020-12-26,26437.04,635.84
2020-12-27,26272.29,682.64
2020-12-28,27084.81,730.4
2020-12-29,27362.44,731.52
2020-12-30,28840.95,751.62
2020-12-31,29001.72,737.8
2021-01-01,29374.15,730.37
2021-01-02,32127.27,774.53
2021-01-03,32782.02,975.51
2021-01-04,31971.91,1040.23
2021-01-05,33992.43,1100.01
2021-01-06,36824.36,1207.11
2021-01-07,39371.04,1225.68
2021-01-08,40797.61,1224.2
2021-01-09,40254.55,1281.08
2021-01-10,38356.44,1262.25
2021-01-11,35566.66,1090.15
2021-01-12,33922.96,1043.43
2021-01-13,37316.36,1130.74
2021-01-14,39187.33,1218.45
2021-01-15,36825.37,1171.83
2021-01-16,36178.14,1233.54
2021-01-17,35791.28,1230.17
2021-01-18,36630.07,1257.28
2021-01-19,36069.8,1377.3
2021-01-20,35547.75,1382.27
2021-01-21,30825.7,1121.57
2021-01-22,33005.76,1236.51
2021-01-23,32067.64,1230.99
2021-01-24,32289.38,1391.61
2021-01-25,32366.39,1324.41
2021-01-26,32569.85,1357.06
2021-01-27,30432.55,1253.19
2021-01-28,33466.1,1332.49
2021-01-29,34316.39,1382.52
2021-01-30,34269.52,1376.12
2021-01-31,33114.36,1314.99
2021-02-01,33537.18,1369.04
2021-02-02,35510.29,1515.19
2021-02-03,37472.09,1660.91
2021-02-04,36926.07,1594.76
2021-02-05,38144.31,1718.65
2021-02-06,39266.01,1677.85
2021-02-07,38903.44,1614.23
2021-02-08,46196.46,1746.62
2021-02-09,46481.11,1768.04
2021-02-10,44918.18,1744.24
2021-02-11,47909.33,1783.8
2021-02-12,47504.85,1843.53
2021-02-13,47105.52,1814.11
2021-02-14,48717.29,1805.08
2021-02-15,47945.06,1779.79
2021-02-16,49199.87,1781.07
2021-02-17,52149.01,1848.46
2021-02-18,51679.8,1937.45
2021-02-19,55888.13,1960.16
2021-02-20,56099.52,1919.53
2021-02-21,57539.95,1935.6
2021-02-22,54207.32,1781.99
2021-02-23,48824.43,1570.2
2021-02-24,49705.33,1626.58
2021-02-25,47093.85,1475.7
2021-02-26,46339.76,1446.03
2021-02-27,46188.45,1459.97
2021-02-28,45137.77,1416.05
2021-03-01,49631.24,1564.71
2021-03-02,48378.99,1492.61
2021-03-03,50538.24,1575.85
2021-03-04,48561.17,1541.91
2021-03-05,48927.3,1533.28
2021-03-06,48912.38,1654.74
2021-03-07,51206.69,1723.15
2021-03-08,52246.52,1834.73
2021-03-09,54824.12,1868.05
2021-03-10,56008.55,1799.17
2021-03-11,57805.12,1826.19
2021-03-12,57332.09,1772.1
2021-03-13,61243.09,1924.69
2021-03-14,59302.32,1854.56
2021-03-15,55907.2,1791.7
2021-03-16,56804.9,1806.97
2021-03-17,58870.89,1823.45
2021-03-18,57858.92,1782.86
2021-03-19,58346.65,1817.62
2021-03-20,58313.64,1812.63
2021-03-21,57523.42,1788.22
2021-03-22,54529.14,1691.33
2021-03-23,54738.95,1678.65
2021-03-24,52774.27,1593.41
2021-03-25,51704.16,1595.36
2021-03-26,55137.31,1702.84
2021-03-27,55973.51,1716.49
2021-03-28,55950.75,1691.36
2021-03-29,57750.2,1819.68
2021-03-30,58917.69,1846.03
2021-03-31,58918.83,1918.36
2021-04-01,59095.81,1977.28
2021-04-02,59384.31,2143.23
2021-04-03,57603.89,2028.42
2021-04-04,58758.55,2093.12
2021-04-05,59057.88,2107.89
2021-04-06,58192.36,2118.38
2021-04-07,56048.94,1971.08
2021-04-08,58323.95,2088.57
2021-04-09,58245.0,2072.11
2021-04-10,59793.23,2135.94
2021-04-11,60204.96,2157.66
2021-04-12,59893.45,2139.35
2021-04-13,63503.46,2299.19
2021-04-14,63109.7,2435.1
2021-04-15,63314.01,2519.12
2021-04-16,61572.79,2431.95
2021-04-17,60683.82,2344.9
2021-04-18,56216.18,2237.14
2021-04-19,55724.27,2166.19
2021-04-20,56473.03,2330.21
2021-04-21,53906.09,2364.75
2021-04-22,51762.27,2403.54
2021-04-23,51093.65,2363.59
2021-04-24,50050.87,2211.63
2021-04-25,49004.25,2316.06
2021-04-26,54021.75,2534.48
2021-04-27,55033.12,2662.87
2021-04-28,54824.7,2746.38
2021-04-29,53555.11,2756.88
2021-04-30,57750.18,2773.21
2021-05-01,57828.05,2945.89
2021-05-02,56631.08,2952.06
2021-05-03,57200.29,3431.09
2021-05-04,53333.54,3253.63
2021-05-05,57424.01,3522.78
2021-05-06,56396.52,3490.88
2021-05-07,57356.4,3484.73
2021-05-08,58803.78,3902.65
2021-05-09,58232.32,3928.84
2021-05-10,55859.8,3952.29
2021-05-11,56704.57,4168.7
2021-05-12,49150.54,3785.85
2021-05-13,49716.19,3715.15
2021-05-14,49880.54,4079.06
2021-05-15,46760.19,3638.12
2021-05-16,46456.06,3587.51
2021-05-17,43537.51,3282.4
2021-05-18,42909.4,3380.07
2021-05-19,37002.44,2460.68
2021-05-20,40782.74,2784.29
2021-05-21,37304.69,2430.62
2021-05-22,37536.63,2295.71
2021-05-23,34770.58,2109.58
2021-05-24,38705.98,2643.59
2021-05-25,38402.22,2706.63
2021-05-26,39294.2,2888.7
2021-05-27,38436.97,2736.49
2021-05-28,35697.61,2419.91
2021-05-29,34616.07,2279.51
2021-05-30,35678.13,2390.31
2021-05-31,37332.86,2714.95
2021-06-01,36684.93,2633.52
2021-06-02,37575.18,2706.12
2021-06-03,39208.77,2855.13
2021-06-04,36894.41,2688.2
2021-06-05,35551.96,2630.58
2021-06-06,35862.38,2715.09
2021-06-07,33560.71,2590.26
2021-06-08,33472.63,2517.44
2021-06-09,37345.12,2608.27
2021-06-10,36702.6,2471.52
2021-06-11,37334.4,2353.77
2021-06-12,35552.52,2372.48
2021-06-13,39097.86,2508.39
2021-06-14,40218.48,2537.89
2021-06-15,40406.27,2610.94
2021-06-16,38347.06,2367.66
2021-06-17,38053.5,2372.0
2021-06-18,35787.25,2231.73
2021-06-19,35615.87,2178.5
2021-06-20,35698.3,2246.36
2021-06-21,31676.69,1888.45
2021-06-22,32505.66,1874.95
2021-06-23,33723.03,1989.74
2021-06-24,34662.44,1988.46
2021-06-25,31637.78,1813.22
2021-06-26,32186.28,1829.24
2021-06-27,34649.64,1978.89
2021-06-28,34434.34,2079.66
2021-06-29,35867.78,2160.77
2021-06-30,35040.84,2274.55
2021-07-01,33572.12,2113.61
2021-07-02,33897.05,2150.04
2021-07-03,34668.55,2226.11
2021-07-04,35287.78,2321.72
2021-07-05,33746.0,2198.58
2021-07-06,34235.2,2324.68
2021-07-07,33855.33,2315.16
2021-07-08,32877.37,2120.03
2021-07-09,33798.01,2146.69
2021-07-10,33520.52,2111.4
2021-07-11,34240.19,2139.66
2021-07-12,33155.85,2036.72
2021-07-13,32702.03,1940.08
2021-07-14,32822.35,1994.33
2021-07-15,31780.73,1911.18
2021-07-16,31421.54,1880.38
2021-07-17,31533.07,1898.83
2021-07-18,31796.81,1895.55
2021-07-19,30817.83,1817.3
2021-07-20,29807.35,1787.51
2021-07-21,32110.69,1990.97
2021-07-22,32313.11,2025.2
2021-07-23,33581.55,2124.78
2021-07-24,34292.45,2189.22
2021-07-25,35350.19,2191.37
2021-07-26,37337.54,2233.37
2021-07-27,39406.94,2298.33
2021-07-28,39995.91,2296.55
2021-07-29,40008.42,2380.96
2021-07-30,42235.55,2466.96
2021-07-31,41626.2,2536.21
2021-08-01,39974.89,2561.85
2021-08-02,39201.95,2610.15
2021-08-03,38152.98,2502.35
2021-08-04,39747.5,2724.62
2021-08-05,40869.55,2827.33
2021-08-06,42816.5,2890.94
2021-08-07,44555.8,3157.24
2021-08-08,43798.12,3013.73
2021-08-09,46365.4,3167.86
2021-08-10,45585.03,3141.69
2021-08-11,45593.64,3164.25
2021-08-12,44428.29,3043.41
2021-08-13,47793.32,3322.21
2021-08-14,47096.95,3265.44
2021-08-15,47047.0,3310.5
2021-08-16,46004.48,3156.51
2021-08-17,44695.36,3014.85
2021-08-18,44801.19,3020.09
2021-08-19,46717.58,3182.7
2021-08-20,49339.18,3286.94
2021-08-21,48905.49,3226.08
2021-08-22,49321.65,3242.12
2021-08-23,49546.15,3319.26
2021-08-24,47706.12,3172.46
2021-08-25,48960.79,3224.92
2021-08-26,46942.22,3100.33
2021-08-27,49058.67,3270.6
2021-08-28,48902.4,3244.4
2021-08-29,48829.83,3227.0
2021-08-30,47054.98,3224.37
2021-08-31,47166.69,3433.73
2021-09-01,48847.03,3834.83
2021-09-02,49327.72,3790.99
2021-09-03,50025.38,3940.61
2021-09-04,49944.62,3887.83
2021-09-05,51753.41,3952.13
2021-09-06,52633.54,3928.38
2021-09-07,46811.13,3426.39
2021-09-08,46091.39,3497.32
2021-09-09,46391.42,3427.34
2021-09-10,44883.91,3211.51
2021-09-11,45201.46,3270.28
2021-09-12,46063.27,3410.13
2021-09-13,44963.07,3285.51
2021-09-14,47092.49,3429.17
2021-09-15,48176.35,3615.28
2021-09-16,47783.36,3571.29
2021-09-17,47267.52,3398.54
2021-09-18,48278.36,3432.02
2021-09-19,47260.22,3329.45
2021-09-20,42843.8,2958.99
2021-09-21,40693.68,2764.43
2021-09-22,43574.51,3077.87
2021-09-23,44895.1,3155.52
2021-09-24,42839.75,2931.67
2021-09-25,42716.59,2925.57
2021-09-26,43208.54,3062.27
2021-09-27,42235.73,2934.14
2021-09-28,41034.54,2807.3
2021-09-29,41564.36,2853.14
2021-09-30,43790.89,3001.68
2021-10-01,48116.94,3307.52
2021-10-02,47711.49,3391.69
2021-10-03,48199.95,3418.36
2021-10-04,49112.9,3380.09
2021-10-05,51514.81,3518.52
2021-10-06,55361.45,3580.56
2021-10-07,53805.98,3587.97
2021-10-08,53967.85,3563.76
2021-10-09,54968.22,3575.72
2021-10-10,54771.58,3425.85
2021-10-11,57484.79,3545.35
2021-10-12,56041.06,3492.57
2021-10-13,57401.1,3606.2
2021-10-14,57321.52,3786.01
2021-10-15,61593.95,3862.63
2021-10-16,60892.18,3830.38
2021-10-17,61553.62,3847.1
2021-10-18,62026.08,3748.76
2021-10-19,64261.99,3877.65
2021-10-20,65992.84,4155.99
2021-10-21,62210.17,4054.32
2021-10-22,60692.27,3970.18
2021-10-23,61393.62,4171.66
2021-10-24,60930.84,4087.9
2021-10-25,63039.82,4217.88
2021-10-26,60363.79,4131.1
2021-10-27,58482.39,3930.26
2021-10-28,60622.14,4287.32
2021-10-29,62227.96,4414.75
2021-10-30,61888.83,4325.65
2021-10-31,61318.96,4288.07
2021-11-01,61004.41,4324.63
2021-11-02,63226.4,4584.8
2021-11-03,62970.05,4607.19
2021-11-04,61452.23,4537.32
2021-11-05,61125.68,4486.24
2021-11-06,61527.48,4521.58
2021-11-07,63326.99,4620.55
2021-11-08,67566.83,4812.09
2021-11-09,66971.83,4735.07
2021-11-10,64995.23,4636.17
2021-11-11,64949.96,4730.38
2021-11-12,64155.94,4667.12
2021-11-13,64469.53,4651.46
2021-11-14,65466.84,4626.36
2021-11-15,63557.87,4557.5
2021-11-16,60161.25,4216.37
2021-11-17,60368.01,4287.59
2021-11-18,56942.14,4000.65
2021-11-19,58119.58,4298.31
2021-11-20,59697.2,4409.93
2021-11-21,58730.48,4269.73
2021-11-22,56289.29,4088.46
2021-11-23,57569.07,4340.76
2021-11-24,56280.43,4239.98
2021-11-25,57274.68,4274.74
2021-11-26,53569.77,4030.91
2021-11-27,54815.08,4096.91
2021-11-28,57248.46,4294.45
2021-11-29,57806.57,4445.1
2021-11-30,57005.43,4631.48
2021-12-01,57229.83,4586.99
2021-12-02,56477.82,4511.3
2021-12-03,53598.25,4220.71
2021-12-04,49200.7,4119.59
2021-12-05,49368.85,4198.32
2021-12-06,50582.62,4358.74
2021-12-07,50700.09,4315.06
2021-12-08,50504.8,4439.36
2021-12-09,47672.12,4119.82
2021-12-10,47243.3,3908.5
2021-12-11,49362.51,4084.45
2021-12-12,50098.34,4134.45
2021-12-13,46737.48,3784.23
2021-12-14,46612.63,3745.44
2021-12-15,48896.72,4018.39
2021-12-16,47665.43,3962.47
2021-12-17,46202.14,3879.49
2021-12-18,46848.78,3960.86
2021-12-19,46707.02,3922.59
2021-12-20,46880.28,3933.84
2021-12-21,48936.61,4020.26
2021-12-22,48628.51,3982.1
2021-12-23,50784.54,4108.02
2021-12-24,50822.2,4047.98
2021-12-25,50429.86,4093.28
2021-12-26,50809.52,4067.33
2021-12-27,50640.42,4037.55
2021-12-28,47588.86,3800.89
2021-12-29,46444.71,3628.53
2021-12-30,47178.12,3713.85
2021-12-31,46306.45,3682.63
2022-01-01,47686.81,3769.7
2022-01-02,47345.22,3829.56
2022-01-03,46458.12,3761.38
2022-01-04,45897.57,3794.06
2022-01-05,43569.0,3550.39
2022-01-06,43160.93,3418.41
2022-01-07,41557.9,3193.21
2022-01-08,41733.94,3091.97
2022-01-09,41911.6,3157.75
2022-01-10,41821.26,3083.1
2022-01-11,42735.86,3238.11
2022-01-12,43949.1,3372.26
2022-01-13,42591.57,3248.29
2022-01-14,43099.7,3310.0
2022-01-15,43177.4,3330.53
2022-01-16,43113.88,3350.92
2022-01-17,42250.55,3212.3
2022-01-18,42375.63,3164.03
2022-01-19,41744.33,3095.83
2022-01-20,40680.42,3001.12
2022-01-21,36457.32,2557.93
2022-01-22,35030.25,2405.18
2022-01-23,36276.8,2535.04
2022-01-24,36654.33,2440.35
2022-01-25,36954.0,2455.94
2022-01-26,36852.12,2468.03
2022-01-27,37138.23,2423.0
2022-01-28,37784.33,2547.09
2022-01-29,38138.18,2597.08
2022-01-30,37917.6,2603.47
2022-01-31,38483.12,2688.28
2022-02-01,38743.27,2792.12
2022-02-02,36952.98,2682.85
2022-02-03,37154.6,2679.16
2022-02-04,41500.88,2983.59
2022-02-05,41441.16,3014.65
2022-02-06,42412.43,3057.48
2022-02-07,43840.29,3142.47
2022-02-08,44118.45,3122.61
2022-02-09,44338.8,3239.46
2022-02-10,43565.11,3077.48
2022-02-11,42407.94,2927.38
2022-02-12,42244.47,2917.36
2022-02-13,42197.52,2883.46
2022-02-14,42586.92,2933.48
2022-02-15,44575.2,3179.88
2022-02-16,43961.86,3127.83
2022-02-17,40538.01,2881.48
2022-02-18,40030.98,2785.73
2022-02-19,40122.16,2763.7
2022-02-20,38431.38,2628.65
2022-02-21,37075.28,2573.82
2022-02-22,38286.03,2639.3
2022-02-23,37296.57,2590.36
2022-02-24,38332.61,2598.07
2022-02-25,39214.22,2764.54
2022-02-26,39105.15,2781.11
2022-02-27,37709.79,2621.8
2022-02-28,43193.23,2919.2
2022-03-01,44354.64,2972.49
2022-03-02,43924.12,2950.12
2022-03-03,42451.79,2834.47
2022-03-04,39137.61,2617.16
2022-03-05,39400.59,2664.83
2022-03-06,38419.98,2555.04
2022-03-07,38062.04,2497.77
2022-03-08,38737.27,2576.75
2022-03-09,41982.93,2729.78
2022-03-10,39437.46,2608.05
2022-03-11,38794.97,2559.56
2022-03-12,38904.01,2574.75
2022-03-13,37849.66,2518.94
2022-03-14,39666.75,2590.7
2022-03-15,39338.79,2620.15
2022-03-16,41143.93,2772.06
2022-03-17,40951.38,2814.85
2022-03-18,41801.16,2945.34
2022-03-19,42190.65,2946.26
2022-03-20,41247.82,2860.46
2022-03-21,41078.0,2897.98
2022-03-22,42358.81,2973.13
2022-03-23,42892.96,3031.07
2022-03-24,43960.93,3108.06
2022-03-25,44348.73,3106.67
2022-03-26,44500.83,3143.18
2022-03-27,46820.49,3291.58
2022-03-28,47128.0,3336.63
2022-03-29,47465.73,3401.99
2022-03-30,47062.66,3385.16
2022-03-31,45538.68,3281.64
2022-04-01,46281.64,3449.55
2022-04-02,45868.95,3445.06
2022-04-03,46453.57,3522.83
2022-04-04,46622.68,3521.24
2022-04-05,45555.99,3411.79
2022-04-06,43206.74,3171.69
2022-04-07,43503.85,3233.27
2022-04-08,42287.66,3192.07
2022-04-09,42782.14,3261.92
2022-04-10,42207.67,3211.87
2022-04-11,39521.9,2981.05
2022-04-12,40127.18,3030.38
2022-04-13,41166.73,3118.34
2022-04-14,39935.52,3019.91
2022-04-15,40553.46,3040.92
2022-04-16,40424.48,3062.31
2022-04-17,39716.95,2993.4
2022-04-18,40826.21,3057.61
2022-04-19,41502.75,3104.11
2022-04-20,41374.38,3077.75
2022-04-21,40527.36,2987.48
2022-04-22,39740.32,2964.84
2022-04-23,39486.73,2938.11
2022-04-24,39469.29,2922.73
2022-04-25,40458.31,3009.39
2022-04-26,38117.46,2808.3
2022-04-27,39241.12,2888.93
2022-04-28,39773.83,2936.94
2022-04-29,38609.82,2815.6
2022-04-30,37714.88,2730.19
2022-05-01,38469.09,2827.76
2022-05-02,38529.33,2857.41
2022-05-03,37750.45,2783.48
2022-05-04,39698.37,2940.64
2022-05-05,36575.14,2749.21
2022-05-06,36040.92,2694.98
2022-05-07,35501.95,2636.09
2022-05-08,34059.27,2517.46
2022-05-09,30296.95,2245.43
2022-05-10,31022.91,2343.51
2022-05-11,28936.36,2072.11
2022-05-12,29047.75,1961.7
2022-05-13,29283.1,2014.42
2022-05-14,30101.27,2056.27
2022-05-15,31305.11,2145.71
2022-05-16,29862.92,2022.73
2022-05-17,30425.86,2090.41
2022-05-18,28720.27,1916.66
2022-05-19,30314.33,2018.34
2022-05-20,29200.74,1961.32
2022-05-21,29432.23,1974.52
2022-05-22,30323.72,2043.17
2022-05-23,29098.91,1972.18
2022-05-24,29655.59,1978.98
2022-05-25,29562.36,1944.83
2022-05-26,29267.22,1803.91
2022-05-27,28627.57,1724.92
2022-05-28,28814.9,1757.94
2022-05-29,29445.96,1812.03
2022-05-30,31726.39,1996.44
2022-05-31,31792.31,1942.33
2022-06-01,29799.08,1823.57
2022-06-02,30467.49,1834.15
2022-06-03,29704.39,1775.08
2022-06-04,29832.91,1801.61
2022-06-05,29906.66,1805.2
2022-06-06,31370.67,1859.29
2022-06-07,31155.48,1814.05
2022-06-08,30214.36,1793.57
2022-06-09,30112.0,1789.83
2022-06-10,29083.8,1665.04
2022-06-11,28360.81,1529.66
2022-06-12,26762.65,1445.22
2022-06-13,22487.39,1204.58
2022-06-14,22206.79,1211.66
2022-06-15,22572.84,1233.21
2022-06-16,20381.65,1067.73
2022-06-17,20471.48,1086.52
2022-06-18,19017.64,993.64
2022-06-19,20553.27,1127.66
2022-06-20,20599.54,1127.64
2022-06-21,20710.6,1124.82
2022-06-22,19987.03,1051.42
2022-06-23,21085.88,1143.39
2022-06-24,21231.66,1226.84
2022-06-25,21502.34,1243.45
2022-06-26,21027.29,1199.83
2022-06-27,20735.48,1193.68
2022-06-28,20280.63,1144.58
2022-06-29,20104.02,1098.94
2022-06-30,19784.73,1067.3
2022-07-01,19269.37,1059.77
2022-07-02,19242.26,1066.51
2022-07-03,19297.08,1073.77
2022-07-04,20231.26,1151.06
2022-07-05,20190.12,1134.54
2022-07-06,20548.25,1186.97
2022-07-07,21637.59,1237.59
2022-07-08,21731.12,1222.51
2022-07-09,21592.21,1216.98
2022-07-10,20860.45,1168.4
2022-07-11,19970.56,1097.24
2022-07-12,19323.91,1038.19
2022-07-13,20212.07,1113.59
2022-07-14,20569.92,1191.53
2022-07-15,20836.33,1233.13
2022-07-16,21190.32,1352.63
2022-07-17,20779.34,1338.64
2022-07-18,22485.69,1578.72
2022-07-19,23389.43,1542.98
2022-07-20,23231.73,1520.2
2022-07-21,23164.63,1576.75
2022-07-22,22714.98,1537.41
2022-07-23,22465.48,1549.3
2022-07-24,22609.16,1599.48
2022-07-25,21361.7,1445.38
2022-07-26,21239.75,1441.81
2022-07-27,22930.55,1636.23
2022-07-28,23843.89,1725.47
2022-07-29,23804.63,1727.41
2022-07-30,23656.21,1695.97
2022-07-31,23336.9,1681.52
2022-08-01,23314.2,1635.2
2022-08-02,22978.12,1632.95
2022-08-03,22846.51,1618.87
2022-08-04,22630.96,1608.21
2022-08-05,23289.31,1732.25
2022-08-06,22961.28,1691.66
2022-08-07,23175.89,1699.35
2022-08-08,23809.49,1775.52
2022-08-09,23164.32,1703.03
2022-08-10,23947.64,1851.74
2022-08-11,23957.53,1881.22
2022-08-12,24402.82,1957.25
2022-08-13,24424.07,1981.34
2022-08-14,24319.33,1936.8
2022-08-15,24136.97,1904.23
2022-08-16,23883.29,1878.14
2022-08-17,23336.0,1833.0
2022-08-18,23212.74,1847.01
2022-08-19,20877.55,1612.99
2022-08-20,21166.06,1577.0
2022-08-21,21534.12,1619.32
2022-08-22,21398.91,1622.51
2022-08-23,21528.09,1662.77
2022-08-24,21395.02,1657.06
2022-08-25,21600.9,1696.46
2022-08-26,20260.02,1507.78
2022-08-27,20041.74,1491.4
2022-08-28,19616.81,1430.55
2022-08-29,20297.99,1553.04
2022-08-30,19796.81,1523.84
2022-08-31,20049.76,1553.68
2022-09-01,20127.14,1586.18
2022-09-02,19969.77,1577.22
2022-09-03,19832.09,1556.87
2022-09-04,19986.71,1577.64
2022-09-05,19812.37,1617.18
2022-09-06,18837.67,1561.75
2022-09-07,19290.32,1629.91
2022-09-08,19329.83,1635.35
2022-09-09,21381.15,1719.09
2022-09-10,21680.54,1776.2
2022-09-11,21769.26,1761.8
2022-09-12,22370.45,1713.77
2022-09-13,20296.71,1580.79
2022-09-14,20241.09,1634.76
2022-09-15,19701.21,1471.69
2022-09-16,19772.58,1432.45
2022-09-17,20127.58,1469.74
2022-09-18,19419.51,1335.33
2022-09-19,19544.13,1377.54
2022-09-20,18890.79,1324.39
2022-09-21,18547.4,1252.61
2022-09-22,19413.55,1327.68
2022-09-23,19297.64,1328.26
2022-09-24,18937.01,1317.99
2022-09-25,18802.1,1294.22
2022-09-26,19222.67,1335.32
2022-09-27,19110.55,1330.13
2022-09-28,19426.72,1337.41
2022-09-29,19573.05,1335.65
